单词,释义
abandon,"vt放弃, 遗弃vt放任, 狂热a+band+on一个乐队在演出，乐队演出很放纵"
abnormal,"adj反常的, 变态的ab=相反，变坏 normal正常"
abrupt,"adj.突然的, 意想不到的;陡的, 险峻的rupt=break"
absence,n.缺席n.不注意; 心不在焉sence 存在，相关，ab相反 缺席的
absolute,adj.绝对的；完全的；adj 确定的solut 松，解开 
absorb, vt. 吸收（液体）； vt. 支付；负担sorb吸收， absorb吸收掉
abstract,"n. 摘要, 概要, 抽象abs(离去)+tract(拉)→把大意从文中拉出来→摘要 "
abundance," n. 丰富, 充裕, 丰富充裕abundance=a + bun(小面包)+ dance,形象化记忆,很多的蚂蚁围着一块小面包在跳舞,因为丰收了"
accelerate, v. 加速ac+celer速度→一再增加速度， decelerate = de(向下）+celer（速度）降速
access,"n. 通路, 访问, 入门 v.存取, 接近ac(to)+ cess(go)通道,入口微软有一个软件叫access， 小型数据库，用于存取和访问大型数据库的通路"
accompany," v. 陪伴, 伴奏ac+company伙伴→陪伴"
accomplishment,"n. 成就, 完成, 实现, 达到n. 技艺, 才能"
accurate," adj.正确的, 精确的ac（加强）+cur（精心,精确）"
accuse," v. 控告, 谴责, 非难ac+cuse(原因)， 摆出一大堆原因，明显就是指责我"
accustom,v.使习惯于ac(一再)+custom(习惯)―>使习惯于
achieve,"v. 完成, 达到a chi吃 eve圣诞节前夜，在圣诞节前夜我们一起吃东西庆祝我们达成了目标"
acknowledge," v.承认, 答谢, 报偿ac-往里 +knowledge-知识，认识 =acknowledge-承认（“承”就是“往里”拿，往里拿一个知识――承认、认知）"
acquaintance,"n. 相识, 熟人quai变成guai是怪的拼音ac不再，不再怪了，变熟悉了"
acquisitive,"adj.想获得的, "
actually,adj.实际上；真实地对应virtually
adapt,v. 使适应；使适合 v.改编；改装adopt收养，采纳 
adequate,"adj.足够的adj.恰当的；胜任的“俺得夸他”,他做得足够的好,我得夸他"
adopt,v.收养v.采取；采用adapt放在一起记
advance,v.前进；增进v.提前；提前支付in advance预先
affective," adj 情感的, 表达感情的affect感动+ive表示主动的形容词→令人感动的"
affluence,n.富裕n.大量，丰富af+flu(流入）流入进来，变富裕
aggression,"n.进攻, 侵略ag(do, act)+gress(go)+ion----走过去, 行动, 进攻"
agony,"n.极大的痛苦谐音“爱过你”, 现在不爱了, 是一种极大的痛苦"
agriculture,"n.农业, 农艺, 农学"
alert,"adj.提防的, 警惕的adj.警惕, 警报alter 改变"
alien," adj.（常与to连用）与…相反的；与…不同的adj. 外国的；外国人的a( 相反)+lie(躺)----不躺在一起, 外国的"
allegiance," n.忠诚我力战死'。为了祖国我会力战而死-忠诚,拥护"
alter,"v.改变alert警惕的,放在一起记"
ambition,n.野心；雄心； 企图n.所希望的东西俺必胜'->野心
amid,prep.在...中
analyst,"n.分析家, 分解者"
ancient,n.古老的
anonymous,"adj.匿名的an(不, 无)+onymous(有名字的)-----没名字的"
antenna,n.天线ant蚂蚁+enna----蚂蚁的触角就像天线一样
antisocial,adj.危害社会的adj.自私的anti(反)+social(社会)-----违反社会的
anxious,adj.忧虑的；焦虑的， 不安的adj.渴望的
appeal,"v.呼吁；恳求v.上诉；诉诸于ap+peal(说)----去说, 呼吁"
appetite,n.食欲；胃口欲望ap+pet(欲望)+ite----追求欲望的胃口
appliance,"n.设备； 器械；装置appliance'器具（特指电器)'equipment“成套设备”（不可数名词), instrument 乐器；精密仪器
"
appreciate,"v.感激；感谢v.鉴赏；欣赏；赏识ap+prec(价值)+iate-----赞赏价值, 感激"
approach,"vt.走近；靠近 n.途径；通路ap+proach(路)-----路的通向, 途径"
appropriate,adj.正确的；适当的
approximate,"adj.近似的, 大约的"
argue,"n.争论, 辩论n.说服quarrel/argue/debate"
arithmetic,"n.算术, 算法"
arrest,"v.逮捕, 拘留, 吸引ar+rest(休息) 一个人让他歇着去吧"
arrogant,"adj.傲慢的, 自大的 ant――想射箭的蚂蚁――够“自大的!“   arrogate(霸占)"
artificial,"adj.人造的；人工的adj.做作的，不自然的Artifical(人工)Intelligence(智能), AI就是这两个英文的缩写,表示人工智能"
aspect,n.模样；面貌n.方面
assignment,n.指派的职位n.分配
association,n.协会n.联合；结交as（to）+soci（社会）+ation协会
assumption,n.假定；假设
astronaut,n.航天员astro（星星，宇宙）+naut（员）---航天员，见到astro知道与天空有关
athletic,adj.运动的； 运动员的adj.身强力壮的the Athletic Club， AC米兰知道吧
atmosphere,"n.大气n.气氛atmo(atom)+ sphere(球体)---“大气,氛围”,"
attain,"v.达到, 获得at+tain(拿)---一再拿过来, 获取"
attempt,"v.尝试, 企图"
attent,"adj.注意的, 留意的香港电影,attention就是来自这个词,注意, 立正,长官来了"
authority,n.权威；威信n.典据；权威著作
auxiliary,"adj.辅助的aux(增加)+iliary-----在原来的基础上增加的, 表示辅助的"
bacteria,n.细菌
ban,v.禁止band乐队被ban禁止演出
barrier,n.障碍bar表示长木，长木打做成的栅栏，演化到今天就变成了“障碍物”的意思。
be aware of,知道
behavior,"n.举止, 行为"
benefit,n.利益促进或增强福利的东西；好处n.救济金bene(好的）
benign,adj.和蔼的；温和的；慈祥的n.无危险的（疾病）相对的词malign---mal(坏的)
bias,n.偏见；成见本身就是词根倾斜的意思
biotech,n.生物工艺学
blame,v.谴责；归咎
blond,adj.金发的
board,n.木板n.委员会；理事会；董事会
boundary,n.界线；边界bound(跳跃、蹦Q)+ary(后缀)=boundary-边界、鸿沟（需跳过的沟壑）
burden,n.负荷；负担burd(处女）50岁了还是处女是一个负担
candidate,"n.候选人, 投考者can能+did做+ate----能做的人都是后选人或者“can”＝能够；“di”＝递交；“date”＝日期，联起来，在某一天能够递交申请，所以是候选人"
capital ," n. 首都n.资金,资本首都是资本聚集的地方"
catastrophe,"n.大灾难, 大祸cata+strophe转→转下去→灾难临头"
category,"n.种类, 部属; 类目n.范畴"
centralize,"v.集聚, 集中"
challenge,n.挑战
characteristic,adj.表示特性的；典型的；特有的
charge,v.要价；索价；v.责任；管理；照料in charge of为…负责
circumstance,"n.环境, 详情, 境况circum(周围)+stance(姿态)-----周围的姿态,显现情况"
citizen,"n.市民, 公民citizenship公民身份"
claim,v.要求，认领，索赔v.声言；自称；主张
clinical,adj.临床的；临诊的adj.冷静的；相当客观的临床的东西都需要客观冷静地分析
clip,n.小夹子；回形针
cloud,"n.云, 烟云n.朦胧"
cluster,n.一串；一束；一群n.簇
coastal,adj.海岸的
coincidence,n.巧合；巧合的事n.一致；符合co（共同）+incident(事件）共同发生的事件，巧合
combine,v.联结；结合com(共同)+ bi(双)+ ne把两个事物放在一起
commerce,n.商业
commodity,"n. 货场；商品；物品com(together 一起)+ mod(模式)+ ity(名词后缀),按照一个模式做出来的商品"
communicate,v. 联络；通信
community,n.社区n.大众
comparative,adj. 比较的来自动词compare比较
compatibility,n. 适合， 适应（性）n.互换性； 通用性
compensation,n.补偿，赔偿com(共同）+pens（钱）+ation名词后缀---共同给钱，补偿
complaint,v.申诉；控告
complexity,n.复杂性n.联合体
complicate,"v.变复杂加拿大歌手艾微尔的一首歌complicated,就是什么把爱变复杂了"
comprehensive,adj.全面的；广泛的
conceive,"v.构思, 以为, 持有v.怀孕, 考虑, 设想con(共同）+ceive(抓住）共同抓住，持有，构思"
concern,"v 关于；对…有关系be concerned with 关心,挂念 "
concise,"adj.简单的,简练的con(共同)+cise(切),一起切, 很简单,简洁"
concrete,"adj.具体的n.混凝土con(共同的)+crete(生产,制造)-----生产制造具体的东西"
conduct,"n.行为, 操行v.处理；经营；引导；实施con(共同)+duct(导入 )办法实施"
conflict,"n.斗争, 冲突v.抵触, 冲突"
conform,"v.符合, 相似adj 一致的, 顺从的con(共同)+form(形式 )共同的形式, 一致的"
confront," v. 使面临, 对抗con'肯' front, 肯面对, 对抗"
consequence, n. 结局；结果
conservation,n. 保护；保存来自动词conserve
console,"v. 安慰, 藉慰 n.控制台con-的意思是“一起”,sole是“单独的”,连起来,和本来单独的人在一起,就是安慰"
constant,adj.不变的；固定的
constrain,v. 强使；强逼con(共同)+strain(拉紧) 把不愿意的人拉在一起， 强迫
consult,v. 参考；查阅；咨询con+sult(有了结果)----咨询问题有了结果
consultancy,n.顾问consult的名词形式
consumer,"n.消费者con+sume(拿取)+er----从中拿取, 消费"
contact lens,n. 隐形眼镜
contemplate,v. 注视；凝视v. 期望con+templ(庙)+ate 像庙中人一样深思
content,"n.内容, 容量adj.满足的, 满意的be content with 对…感到满意, 写作中可于satisfy替换"
contradict,"v.反驳；否认contra(相反)+dict(说) 向相反的说, 反驳"
contrary,adj.相反的contra+ary---相反的
contribute,v. 捐献；贡献con(共同)+tribute(供品)-----共捐献供品
controversy,"n.论争, 辩论, 论战contro(相对)+vers(转)+y---- 争论"
convenience,"n.适合；方便来自于形容词convenient, 类似的还different――difference，important――importance，  
silent――silence,absent――absence，distant――distance,patient――patience"
conventional,adj 传统的，习惯的
converse,"adj. 相反的, 颠倒的v.谈话, 交谈, 认识来自于词根verse(相反的)"
convince,"v. 使确信, 使信服con+vince（战胜，说服） 使确信"
coordinate,n.同等者，同等物  坐标（用复数）vt. 调整，整理
corporate,adj. 社团的，全体的
correlate,vt.叙述，使联系cor（共同）+relate（联系）---使联系
count,"1 v .数, 计算count on指望"
creature,n. 人，动物， 创造物creat创造
crime,"n. 犯罪，犯罪行为crime源自拉丁语词根cernere(= judge, decide)"
critical,adj. 评论的，鉴定的，批评的，危急的
culture,n. 文化，文明
curative,"adj. 医疗的n. 药品cur关心?医治,-ative…的"
curriculum,"n. 课程词来源于拉丁语词根currere,意指""跑道"".根据这一词源,最为常见的课程定义是指""学习的进程"",即学生学习知识,增长经验的过程"
cycle,n. 周期，循环，自行车vi. 循环，轮转，骑自行车
debate,v. 争论，辩论n. 争论，辩论de（强调）+ bat（打）+e名词“辩论”
decade,n. 十年，十
deceptive,adj. 欺骗性的de坏+cept+ive→拿坏的东西来→欺骗性的
decline,vi. 下倾，下降，下垂v.拒绝， 衰落de(向下）+cline(倾斜） 向下倾斜
deduce,"v.演绎,推理de(向下）+duce(导入） 演绎，推理"
deem,"v.想, 认为, 视为; 相信似乎(seem)认为(deem)该相信(deem)"
defeat,n. 击败，战胜，失败vt. 击败，战胜，挫折de（向下）+feat（功绩）---向下的功绩---失败
defect,"n.过失，缺点de(坏)+fect(做,制作)→做坏了→缺陷"
deficiency,n. 缺乏， 不足
definition,n. 定义，解说，精确度，清晰度来自于动词define定义
defy,vt 不服从，藐视，挑衅，违抗n. 挑战de（反）+fy
delegate,"n.代表v.委派de-(from)+leg(=choose)----“从……选出来的, 委派"
delicate,adj. 精巧的，精致的，脆弱的，微妙的，棘手的，灵敏的
demonstrate,vt. 示范，证明，论证vi 示范demo样带，用样带演示
deportation,"n. 移送，充军，放逐来自于词根port=搬 deport--驱逐， export, import"
depression,n. 沮丧，消沉，低气压，低压de(向下）+press（压）---向下压---沮丧的
deprive,
desert,n. 沙漠，应得的惩罚，功过adj. 沙漠的，荒凉的dessert甜点
desirable,adj. 值得要的，合意的，悦人心意的
desperately,"adv.拼命地, 失望地de(向下）+sper（精神）+ate----精神向下----失望的"
destructive,adj. 破坏性的，
detain,"v.拘留，留住，阻止de(向下)+tain(拿)---- 向下拿, 不让拿, 阻止"
determine,v. 决定，确定，测定
digest,"n. 分类，摘要vi. 消化dig(挖)+est( 最)----最深的挖掘, 进行分类, 消化"
dimension,n. 尺寸，尺度
diminish,v. （使）减少，（使）变小di（使）+min（小）+ish----使变小
diplomatic,adj.外交的，老练的
discipline,纪律，学科v. 训练disc+ip+line光碟，ip上网，line电话，不干正事，确实需要有些纪律了
disease,n. 疾病，弊病
dismiss,vt. 解散，下课，开除，解职vi.解散
disservice,n. 伤害，虐待，dis（不，相反）+service(服务）不好好服务，虐待
distinction,n. 区别，差别，级别，特性
distinguish,1v.区别，辨别.
distress,"n. 悲痛，不幸， 危难，忧伤v. 使悲痛，使忧伤di（弟）+stress（压力）----兄弟承受巨大失败压力,内心十分“痛苦”"
divorce,n. 离婚，脱离v. 使离婚，与…脱离di+vorce=vert转→从〔丈夫身边〕转开→离婚
domestic,adj. 家庭的，国内的，驯服的，与人共处的记住反义词是foreign
dominate,v. 支配，占优势domin(支配)+ate动词后缀→支配;占优势
dormant,adj. 静止的，隐匿的dorm宿舍+ant蚂蚁，蚂蚁被你踩死在宿舍，长眠于此
downturn,n. 低迷时期
drag,v. 拖，拖曳，缓慢而费力地行动n.  拖拉
dramatic,adj. 戏剧性的，生动的来自于名词drama戏剧
drawback,n. 缺点，障碍，退税draw(拖拉）+back（后面）朝后面拉，是缺点
dubious,adj. 可疑的，不确定的
dully,adv. 钝地，不清楚地，迟钝地我pull了你一下，你就变dull了
duplicate,adj. 复制的，副的，两重的，完全相同的n. 复制品，副本du(双)+plic(重叠)+ate -----复制的
dynamic,adj. 动力的，动力学的，动态的dynam（力）+ic-----力学的
eager,adj. 热心于，渴望着华南虎事件让全国人都eager to see tiger
ease,n. 安逸，安心，悠闲，不费力vt. 减轻，放松easy的事情很ease
effective,adj. 有效的，有生力量，给人深刻印象的，来自于动词effect
ego,"n. 自我，自负，利己主义一狗'在一条狗的眼里, 只有他自己"
element,n. 要素，元素，成分，元件，自然环境有一个服装品牌叫element
eliminate,vt.  排除，消除v. 除去e+limin(门槛)+ate->扔出门槛->除去
elite,"n. [集合名词]精华，精锐，中坚分子e+lite(light的变体)→ 精英人才,到哪都会发光"
embarrass,vt. 阻碍，麻烦，使困窘，使局促不安em+barrass 套子----进入套子-----难堪
embrace,vt. 拥抱，包含，收买，信奉vi. 拥抱，
emotion,"n. 情绪，情感，感情emotion本身就表示词跟move, 我们的情感就是在不段的变化当中的"
emphasize,vt. 强调，着重v. 强调
enhance,vt. 提高，增强v. 提高
enormous,"adj. 巨大的，庞大的，凶暴的e(超出)+norm(标准)+ous( 形容词后缀)---超出标准的,巨大的"
enterprise,"n. 企业，事业，计划，事业心进取心enter(进入)+prise(奖赏)---获得奖赏, 利润是企业的原则"
enthusiasm,n. 狂热，热心，积极性
entity,n. 实体
envious,adj. 嫉妒的，羡慕的动词envy
equate,vt. 使相等， [数]视为平等vi. 等同
equipe,n. 〈法〉运动队（或比赛对）及其装备
essential,adj. 本质的，实质的，基本的，提炼的本质，实质，要素，要点
establish,vt. 建立，设立，安置，确定v. 建立
estimate,v. 估计，估价，评估n. 估计，估价，评估
evaluate,"估计，估价，求…的值n. 评价e+valu(价值)+ ate-----评价价值, 评估"
evidence,n. 明显，显著，明白，迹象，根据，证物
evil,adj. 邪恶的，不幸的，有害的，带来麻烦的n. 邪恶，罪恶，不幸颠倒过来就是live-> 颠倒的生活是邪恶的
exaggerate,v. 夸大，夸张
exception,n. 除外，例外，反对，异议
excessive,adj. 过多的，过分的，额外的ex（超出，外部）+cess(走）+ive走过了，超出
exclusively,adv. 排外地，专有地
excrete,"vt. 排泄，分泌ex(向外)+crete(生长)---- 向外生长, 排出"
executive,"adj. 实行的，执行的，行政的n. 执行者，经理主管人员exe(可执行文件)+cut+ive, 执行(exe)官的任务是――如果你不听话，就把你cut掉"
exert,"vt. 尽（力），施加（压力等），努力发挥，竭尽全力，尽ex(向外)+ert(动)-----向外动, 努力, 发挥"
exhaust,"v. 用尽，耗尽，排气，n. 排气，排气装置一个早死的他', 用尽力气了, 所以死的早"
exotic,"adj.外(国)来的, 外国产[制造]的exo（外部的）+tic→从外面来的"
expenditure,"n. 支出，花费ex(向外)+pend(钱)+iture----向外的钱, 花了, 花费"
explode,vt. 使爆炸vi. 爆炸，破除，推翻，激发
expose,"vt. 使暴露，受到，使曝光v.揭露ex(向外)+pose(放)----放在外面, 暴露"
fairly,adv. 公正地，正当地，公平地，清楚地
fatigue,"n.疲乏，疲劳，累活，[军]杂役vt.使疲劳，使心智衰弱由于太胖了,我提一会儿东西就得搁下休息休息,---身体太弱,容易疲劳"
feature,n.特征，容貌，特色，特写是…特色，特写，放映
feedback,n. 反馈，反应feed(喂）+back（回来）---喂回来，反馈
feminine,adj.女人（似）的，娇柔的，阴性的，女性的femin(女性的）+ine（倾向）---有女性倾向的，类似的词考过很多
fertile,adj. 肥沃的，富饶的，能繁殖的佛塔'-----建在肥沃的土地上
fiber,"n. =fibre 光纤fiber表“纤维”,所以fabricate是“编造,捏造”; "
fiction,n. 虚构，编造，小说fict（制造）+tion---小说都是制造虚构出来的
figure out,v. 合计为，计算出，解决，断定
financial,aadj. 财政的，金融的
flexible,"adj.易弯的, 挠性的, 有弹性的adj.灵活的"
fluctuation,n. 波动的，起伏flu流动， ct夹在两个u中间，说明流动不平稳，有起伏
focus,n. 焦点，焦距，（兴趣活动等的）中心，vi. 聚焦，注视
folk,n.人们最近六级爱出的一个表示人类的一个词
foster,vt.养育，抚育，培养，鼓励n.养育者，鼓励者foster( 福司特公司)养育了很多明星
fragile,adj. 易碎的，脆的
fruitful,"adj. 多产的，富有成效的fruit(水果)+ful(全)---很多水果, 丰收了"
fulfill,"vt. 履行，实现，完成（计划等）ful(全)+fill(填充)----全部填充了, 完成"
fundamental,adj.基本的，基础的n. 基本原则，基本原理
funding,用发行长期债券的方法来收回短期债券
gather,n.集合，聚集vi.集合，聚集，渐增，化脓father 把我们家人都gather起来
gaze,v.盯，凝视n. 凝视
generate,vt. 产生，发生
gloomy,adj. 黑暗的，阴沉的，令人沮丧的，阴郁的
gossip,n.闲话，闲谈gossiper是长舌妇的意思，能记住吧，最讨厌的人
grab,v.抢夺，夺取，
gradually,adv.逐渐地
grant,vt.同意，准予，承认（某事）~
grave,n. 墓穴，坟墓adj. 严重的，（颜色）黯淡的，
guidance,n.指导，领导
halt,n. 停止，暂停，中断vt.使停止，使立定
hamper,v.妨碍，牵制
hardship,"n.困苦，艰难，辛苦背单词的过程是一个hardship, 但之后便会是harvest"
hassle,n. 激战vi.争论
hazard,n.冒险，危险，冒险的事vt.冒…的危险，赌运气，
heal,v.治愈，医治，结束
hemisphere,n.半球hemi(半)+sphere(球体)-----半球
horrible,adj.可怕的，恐怖的，讨厌的
hostile,adj.敌对的，敌方的n.敌对
ideal,"n.理想，adj.理想的，完美的，想像的，唯心论的I我+deal(处理)----任何事情都我来处理, 太理想了"
identical,adj.同一的；同样的
ignore,vt.不理睬，忽视，[律]驳回诉讼ig(一个)+no(不)+re(返回)---一个短信都不回→不理睬
illuminate,vt.照明，照亮，阐明，说明，以灯火装饰vi.照明il(进入)+lumin(光)+ate-动词后缀----进入灯光――照明
illustrate,vt.举例说明，图解，阐明，加插图于vi.举例
imitate,vt. 模仿，仿效，仿制，仿造v.模仿im（想象）+it+ate动词后缀---想象它，模仿，intimidate---表示恐吓，in+timid（胆小的）+ate
immigrant,adj.移民的，移居的，（从国外）移来的n.移民，侨民im（里面）+migrant----移到里面来
immune,adj.免疫的AIDS(Acquired Immune Deficiency Syndrome)
impact,n. 碰撞，撞击，冲击，冲突，影响，效果vt. 挤入，撞击，压紧，im（=in)+pact(act)----在里面行动，挤入并产生影响
impartial,"adj.公平地, 无私地im（无）+partial（有偏见的）---没有偏见的"
imperative,n. 命令，诫命，需要，规则，祈使语据adj. 命令的，强制的，紧急的imper（命令）+ative----强制的
impetus,n.推动力，促进
implication,n.牵连，含意，暗示来自于动词imply
in advance,adv.预先
in spite of,adv. 不管，尽管
in terms of,adv.根据，按照，在…方面
indentify,v.认出；识别；鉴定v.确定
individual,n. 个人，个体adj.个别的，单独的，个人的
induce,vt.劝诱，促使，导致，引起，感应in（里面）+duce（导入）----引起
indulge,1v.纵容indul(印度)+ge(歌)?印度的歌是很容易让人放纵，纵容的
inevitable,adj.不可避免的，必然的in（不）+evit（逃避）+able 不能逃避的
infancy,n.幼年
influence,n.影响，感化，势力，有影响的人（或事）vt.影响，改变
infusion,n. 灌输
ingredient,n. 成分，因素
inhabitant,n.居民，居住者
inherit,"vt. 继承, 遗传所得"
initiate,vt.开始，发动，传授v.开始，发起initiate 在里面开始吃――>开始
initiative,n.主动
innate,adj.先天的，天生的in(里面)+nate(天生的)------在里面的先天的
innovation,"n.改革，创新simplified breeds innovation简单孕育创新, "
insanity,"n.精神错乱，疯狂，愚顽in(不)+sane(健全的)不健全的, 精神错乱"
insight,"n.洞察力，见识in(里面)+sight(视野)-----内在视野, 见识"
inspire,"vt.吸（气），鼓舞，感动，激发，启示vi.吸入，启发灵感in(里面)+spire(气)-----呼进一口气, 受到鼓舞"
instrument,n. 工具，手段，器械，器具
insurance,n. 保险，保险单，保险业，保险费
integrate,"vt.使成整体，使一体化，求…的积分v.积分We?integrate,?you?communicate我们集大成，您超越自我。（三菱电工）
"
integrity,n.正直，诚实，完整，完全，完整性in(未) +teg(touch)碰 +rity-后缀----integrity-完整(没有碰过)
intellectual,adj. 智力的，有智力的n.知识分子intel(脑力的)
intelligence,n.智力，聪明，智能intel（英特尔）+ligen（里根）+ce----intel公司和里根都是很有智慧的
intensive,adj.强烈的，精深的，透彻的n.加强器
intent,"n.目的, 意图adj.专心的, 决心的"
interference,n.冲突，干涉inter（中间）+fer（分开）+ence---中间分开----干涉
interpret,v.解释，说明，口译，通译，inter（中间）+pret（解释，说）----解释，说明
invade,vt.侵入; 侵略(别国); 侵犯(主权等)in（里面）+vade（走）----走到里面---侵略
investigate,v.调查，研究
involve,vt.包括，笼罩，潜心于，使陷于
irritate,vt.激怒，使急躁v.刺激ir（不）+rit（笑）+ate---不笑的---激怒了
isolate,"vt.使隔离，使孤立，使绝缘，离析n.隔离种群I(我)+so(如此,那么)+late(迟到,晚)――如果你每天都迟到,来得那么晚,那么你会被别人孤立"
judge,n.法官，审判员，裁判员，鉴赏家，鉴定人vt. 审理，鉴定，判断，判决，
junction,n. 连接，接合，交叉点，汇合处
jungle,n.丛林n.生死关头
justify,v. 证明…是正当的
kin,n. 家属，（集合称），亲戚，同族，血缘关系，adj.有亲属关系的，性质类似的
lamp,n.灯vt.照亮
landscape,n.风景，山水画，地形，前景v.美化
lawsuit,n.诉讼
leakage,n.漏，泄露，渗漏leak(泄露)+age----漏
legacy,n. 遗赠（物），遗产
legitimate,adj.合法的，合理的，正统的，v.合法legitim(法律的）+ate---合法的
liability,"n.责任，义务，倾向，债务，负债li '赖'+ability(能力)-----可依赖的能力, 责任, 义务"
liberal,n. 自由主义者，adj. 慷慨的，宽大的，不拘泥的
literature,"n.文学（作品），文艺，著作，文献liter(文字,字母)+ature"
lobby,n.大厅，休息室，vi. 游说议员，经常出入休息室
loyalty,n. 忠诚，忠心
luxury,n. 华贵
magnify,vt.放大，扩大，赞美，夸大，夸张vi.有放大能力
make sense,v.有意义
malicious,adj.怀恶意的，恶毒的mal表示坏的
managerial,adj.管理的
manipulate,vt.（熟练地）操作，操纵（人或市价、市场）vt.(熟练地）操作，巧妙地处理
manufacture,vt. 制造，加工n.制造，制造业，产品
marathon,n.[体]马拉松赛跑，耐力的考验
maritime,adj.海上的，海事的，海运的，海员的marine航海
masculine,adj. 男性的，男子气概的n. 男子，男孩来自于词根ine表示什么的倾向
mastery,n.掌握
matter-of-fact,adj.实质的，事务性的，平常的
maturity,n. 成熟，完备，（票据）到期来自于形容词mature成熟的，premature就是早熟的意思 
meaningful,adj.意味深长的meaning有意义的
measure,v.尺寸，度量器，两度标准，方法，测量，v.测量，估量，分派，权衡，调节
mere,adj.仅仅的，起码的，纯粹的
merit,n.优点，价值v.有益于
meteorite,n. 陨星
migrant,"n.候鸟n.移民，侨民im(表示进入)即immigrant是(从别国移居进来的)移民,加了前缀em(表示出去)即emmigrant是(移居到国外的)移民"
mild,adj. 温和的，温柔的，淡味的，轻微的，适度的温柔的(mild)m颠倒过来就是野蛮(wild) 
military,adj. 军事的，军用的
minority,n.少数，少数民族majority大多数
mixture,n. 混合，混合物，混合剂
mobility,n.活动性，灵活性，迁移率，机动性mobile phone移动手机，够灵活的
modest,"adj,谦虚的,适度的mod(模式)+est最佳的模式是最适度的"
modify,vt.更改，修改v.修改
mood,n.心情，情绪，语气，状态
moral,adj. 道德上的，精神的n.道德a+moral不道德的
motivate,"v.激发motive是动机, motivate motive激发动机"
muscle,n.肌肉，臂力，
mystery,n. 神秘，神秘的事物
myth,n.神话，虚构的故事，荒诞的说法
nasty,adj.肮脏的，令人厌恶的，下流的，凶相的，威胁的
navigation,n.航海，航空，导航，领航
negative,n.否定，负数，底片adj.否定的，消极的，负的，阴性的相对的词positive
neglect,vt.忽视，疏忽，漏做n.忽视，疏忽，漏做
neutral,n.中立者，中立国，非色彩，齿轮的空档adj.中立的，中立国的，中性的，无确定性质的
nonetheless,adv.虽然如此，但是
nuclear,adj.[核]核子的，原子能的，核的，中心的
obedient,adj.服从的，孝顺的
objective,n.目标，目的，宾格adj.客观的，[语法]宾格的
oblige,"vt.迫使，责成v 感谢, 感激ob(to)+lig(捆)-----去捆在一起, 迫使"
observe,vt.观察，观测，遵守，评述
obsession,"n.迷住，困扰ob(to)+session(会议)-----一开会, 就特别的困扰"
obstacle,n.障碍，妨碍物
opponent,adj.对立的，对抗的n.对手，反对者
optimistic,adj. 乐观的
ordinary,adj.平常的，普通的，平凡的n.[律]推事Ordinary miracle 平凡的奇迹
organ,n.器官n.元件
orient,n. 东方，东方诸国（自地中海以东各国）adj.东方的，上升的，灿烂的新东方
origin,n.起源，由来，起因，出身，传统
overlook,vt.俯瞰 ，耸出，远眺，n.眺望，俯瞰中的景色我们高高在上，俯视有罪的人，我们如此宽容，忽视他们的罪过
overwhelm,vt.淹没，覆没，受打击，制服，压倒
paradox,n.似非而是的论点，自相矛盾的话para(并列，超越）+dox（意见）----并列的意见
parallel,adj.平行的，相同的，类似的，并联的n.平行线，平行面，类似，相似物para（并列）+llel-----平行的
parameter,n.参数，参量meter表示计量的意思
participant,1n.参与者，共享者.adj.参与的
particular,n.细节，详细adj.特殊的，特别的，独特的，详细的，精确的
passage,n.通过，经过，通道，通路段落
patch,n.片，补缀，碎片，斑纹，斑点，眼罩vt.修补，补缀，掩饰，平息
pattern,n.模范，式样，模式，样品，格调，图案vt.模仿，仿造，以图案装饰
payoff,n.发工资，付清，盈利，报应，贿赂adj.决定性的
perceive,vt.察觉v.感知，感到，认识到per（全部）+ceive（抓住）-----全部抓了---感觉到了
performance,n.履行，执行，成绩，性能，表演，演奏来自于动词perform表演，表现
permanent,"adj.永久的，持久的per（一直，完全）+man（手）+ent一直用手拿着的,没有放手的,注意:“持久”的“持”就是用手的意思"
persist,vi.坚持，持续per（完全）+sist（站立）----完全站立坚持
pessimistic,adj.悲观的，厌世的相对的词optimistic
physically,adv.身体上地在文章中当做，实际的，事实上去理解
politician,n.政治家，政客
pollute,vt.弄脏，污染
possession,"n.有, 所有, 拥有; 占有"
postpone,"vt.推迟，使延期，延迟post(往后)+pon(放)----向后放, 推迟"
potential,adj.潜在的，可能的，势的，位的n.潜能，潜力，电压
poverty,n.贫穷，贫困，贫乏，缺少
practical,adj.实际的，实践的，实用的，有实践经验的
praise,vt.赞扬，歌颂，赞美n.赞扬，赞美，荣耀，称赞
precedent,n.先例
precise,adj.精确的，准确的n.精确pre（前面）+cise（切）---在前面切，知道切多少---精确的
predict,v.预知，预言，预报pre（前）+dict（说）---提前说---预言
predominate,vt.掌握，控制，支配，vi.统治，成为主流，支配，占优势pre（前）+dominate（支配）---提前掌控----占优势
preface,n.序文，绪言，前言vi.作序，写前言pre（前面）+face----前言
pregnant,adj. 怀孕的，重要的，富有意义的，孕育的pre+gnant（孕育）---怀孕
prejudice,n.偏见，成见，损害，侵害v.损害Pride and Prejudice 傲慢与偏见
premium,n.额外费用，奖金，奖赏，保险费
pressure,n.压，压力，电压，压迫，强制，紧迫来自于词根press压
presume,"vt.假定，假设，认为pre（提前）+sume（拿取）----假设，同词根的有resume, consume,assume"
prevalence,n.流行来自于动词prevail流行
prevent,v.防止，预防
previous,adj.在前的，早先的adv.在…以前，返回上一级菜单
priest,n.牧师
primary,adj.第一位的，初级的，主要的，初步的n.[常用复数]主要事物
primate,"n.首领，大主教adj.首要的, 第一的，"
primitive,adj.原始的，远古的，粗糙的，简单的
principal,"n.负责人, 首长adj.主要的；最重要的prin主要的+cip+al"
priority,n.先，前。优先，优先权pri-在前 +ority-复合后缀
privacy,n.独处而不受干扰，秘密
procedure,n.程序，手续
proclaim,vt.宣布，声明，显示，显露pro(提前)+claim(声称)----宣称
profound,"adj.深刻的, 意义深远的pro(向前)+found(基底)-----深远的"
profound,1adj.深刻的，意义深远的，渊博的，造诣深的.
prohibit,vt.禁止，阻止pro--
prominent,adj.卓越的，显著的，突出的
promote,1vt.促进，发扬，提升，提拔，晋升为.pro(forword)+ mot(move)+ e向前进一步
prompt,adj.敏捷的，迅速的，即时的adv.准时地
proportion,n.比例，均衡，面积，部分vt.使成比例，分摊，使均衡
propose,"vt.计划，建议，向…提议，求（婚）vi.打算，求婚pro(提前)+pose(放置)----提前放置,提出"
prospect,n.景色，前景，前途，期望vi.寻找，勘探
prosperous,adj.繁荣的pro（向前）+sper（精神）----向前的精神---繁荣
protend,v.(使）伸出，（使）伸展
provision,n.供应，（一批）供应品，预备，防备，规定
purchase,vt.买，购买n.买，购买chase girl的秘诀是purchase
pure,adj.纯的，纯粹的，纯净的，无垢的，纯洁的
pursuit,n.追击
qualitative,adj.性质上的，定性的
racial,adj.人种的，种族的，种族间的
radical,adj.根本的，基本的，激进的n.激进分子
rainforest,雨林
raise,n.上升，高地，提出vt.升起，唤起，提高，解除，饲养，筹集
rare,adj.稀罕的，杰出的，珍贵的adv.非常
rational,"adj.理性的，合理的，推理的n.有理数ration表示定量分配, 定量分配是很理性的"
raw,n.生肉，擦伤处，身上的痛处adj.未加工的，不掺水的，生疏的，阴冷的
real estate,n.房地产，房地产所有权
reality,n.真实，事实，本体，逼真real(真实的）+ity 
reasonable,adj.合理的，有道理的，通情达理的，讲道理的
recession,"n.撤回, 退回, 退后, 工商业之衰退, 不景气re（回）+ cession(走）----往回走---撤退"
recommendation,n.推荐，介绍（信），劝告，建议
recurrence,n.复发，重现，循环re(再)+curr(发生）+ence（名词后缀）----再发生
refine,vt.精炼，精制，使文雅高尚re(再）+fine(范围）---重新制定范围，精炼
reform,n.改革，改善，改良运动，感化vt.改革，革新，重新组成re+form(形式）----重新变化形式，改革
regulate,vt.管制，控制，调节，校准
reinforce,vt.加强，增援，补充，修补，加固vi.求援，得到增援re+inforce（加强）---再一次加强
release,n.释放，让渡，豁免，发行的书，释放证书vt.释放，解放，放弃，发表re+lease(契约）----从约定中返回出来，释放
reliance,n.信任，信心，依靠，依靠的人或物re+li(依赖）+ance名词的后缀----可依赖的
relief,n.（痛苦等的）减轻，（债务等的）免除，救济relief是relieve的名词  re+lief（live）
religious,adj.信奉宗教的，虔诚的，宗教上的，严谨的n.尼姑，修道士
reluctant,"adj. 不愿意的, 勉强的re+luct（喜欢）+ant----不喜欢的---勉强的"
remote,adj.遥远的，偏僻的，细微的
represent,vt.表现，描绘，声称，象征，扮演，回忆vi.提出异议
reproduce,v.繁殖，再生，复制，使…在脑海中重现re(再)+produce(生产)-----再生
reputation,n.名誉，名声repute
rescue,vt.援救，营救n.援救，营救
resemble,vt.象，类似
reserve,n.储备物，储藏量，预备队vt.储备，保存，保留，预定，预约
resident,n.居民，居住者adj.居住的，常住的
resign,n.辞去（职务）v.辞去，辞职re（away，again）+sign---签字后离开---辞职
resist,v.抵抗re（再）+sist（站立）---再一次的站起来抵抗
respond,v.回答，响应，作出反应vi.有反应
responsible,adj.有责任的，可靠的，可依赖的，负责的
restrict,vt.限制，约束，限定
reveal,vt.展现，显示，揭示，暴露re(拿回）+veal（面罩）---面罩拿掉，揭露
revenge,n.报仇，复仇，vt.替…报仇，复仇
revenue,n.收入，税收，国家的收入
reward,n.报酬，奖金vt.酬劳，奖赏
ridiculous,adj.可笑的
rigorous,adj.严格的，严厉的，严酷的，严峻的rigor（严厉）+ous---表示严厉的 还有类似的vigorous
ritual,n.典礼，礼节，（宗教）仪式adj.典礼的，仪式的
route,n.路线，路程，通道v.发送现在我们用的路由器就叫rounter
rust,n.铁锈vt.（使）生锈
sacrifice,n.牺牲，献身，祭品，供奉v.牺牲，献出，献祭，供奉
sake,n.为了…起见，缘故，理由，出于对…的兴趣
salvation,n.拯救，救助
satellite,n.人造卫星
satisfy,vt.满足，说服，使满意，使相信
saturate,v.使饱和，浸透，使充满来自拉丁词根sature使充满
scorn,1n.轻蔑，嘲笑，被叱责的人.vt.轻蔑，不屑做
scream,v.尖声叫，尖声叫喊n.尖叫声，喊叫声，吃到奶油高兴地尖叫
sedentary,adj.久坐的，坐惯的，土生的，沉积的n.惯于久坐的人
segment,n.段，节，片段v.分割
seldom,adv.很少，不常
seminate,vt.传播，散布，播种于
shaky,"adj.虚弱的，颤抖的，不安的，不可靠的摇晃的来自于动词shake, 类似的还有sleep---sleepy, slip----slippy, laze----lazy"
shed,"vt.流出，发散，散发，脱皮，摆脱n.分水岭，小屋棚，工棚，货棚she+d她的小屋, 散发着她的气息(逻辑极其严谨)"
shift,n.移动，轮班，移位，变化，办法，手段vt.替换，转移，改变，移转，推卸，变速
shortfall,n.不足，不足量
significant,"adj.有意义的，重大的，重要的相对的trivial'去他的', 不重要的"
silence,n.静，寂静，沉默，静默vt.使沉默，使安静sil(静)+ence(名词后缀)----寂静的
simulate,"vt.模拟，模仿，假装，冒充stimulate刺激,放一起记"
sin,n.罪，罪恶
slack,"n.松弛，静止，淡季，闲散adj.松弛的，不流畅的，疏忽的，软弱的，呆滞的sl(慢,松)+ack"
slice,"n.薄片，切片，一份，部分，片段v.切（片）lump(块),part(部分),piece(块),slice(薄片)"
slip,n.滑倒，事故，片，纸片adj.滑动的，活络的，有活结的拟声词滑倒时候的声音
solvable,adj.可以解的，可以解决的solve(解决)+able(形容词后缀)
somewhat,adv.稍微，有点，有些
sophisticate,n.久经世故的人，老油条，精于…之道的人vt.篡改，曲解，掺合，弄复杂soph(智慧）成为智慧的人， 老油条，久经世故的
species,n.种类，（原）核素，[律]式样
specify,vt.指定，详细说明，列入清单
spectacle,n.观览物，展览物，公开展示，奇观，景象spect(看）
spirit,n.精神，灵魂，幽灵，妖精，勇气，火力，热情vt.诱拐，鼓励，鼓舞spir（气）+it----精神气
splendid,"adj.壮丽的，辉煌的，极好的splend(亮, 光辉)+id"
spoil,vt.损坏，搞糟，宠坏，溺爱v.扰乱sp(专家)+oil(石油)  专家开发出的石油被践踏了
spread,n.伸展，展开，传播，蔓延，酒席v.伸展，展开，铺，涂，敷，传播，散布sp(专家)+read(读)专家读完后把它的信息散发出去
squeeze,"n.压榨，挤v.压榨，挤，挤榨死柜子,挤我----压榨"
stability,n.稳定性
stake,"n.树桩n.赌金,奖品s(美女) take(拿) stake 拿美女当赌金  at stake危险"
standardize,vt.使标准化，使符合标准
starve,"vt.使俄死“死大五”――都大五(本科毕业已一年)了,还找不到工作,只好挨饿! "
status,n.身份，地位，情形，状况
stem,n.茎，干，词干，茎干v.滋生，阻止
stimulate,vt.刺激，激励v..刺激，激励simulate模拟
stockholder,n.股东stock(股票)+holder(持有者)----股票持有者
strangler,扼杀者，压制者
strategic,adj.战略的，战略上的
strengthen,v.加强，巩固
strive,v.努力，奋斗，力争，斗争
stubborn,adj.顽固的，固执的，坚定的，坚决的，难应付的stub树桩+born出生----生下来就跟树桩一样----固执
stun,"vt.使晕倒，使惊吓，打晕n.晕眩，打昏，惊倒考过stunning, 表示极其的"
subject to,v.使服从，使遭受
subsidiary,n.辅[帮]助的subsidy补助金
substance,"n物质,本质sub(下面)+ st( 站着)+ance---本质的东西永远都存在于表象之下"
subtle,adj.狡猾的，敏感的，微妙的，精细的，稀薄的
suburb,n.市郊，郊区sub( 次级)+urb(城市)----市郊的
successive,"adj.继承的，连续的They have won successive success, 他们赢得了一系列的成功"
sue,vt.控告，向…请求，请愿vi.提出诉讼，提出请求
suffer,vt.遭受，经历，忍受vi.受痛苦，受损害
sufficient,adj.充分的，足够的in+sufficient不充足的
superficially,adv.浅薄的
superiority,n.优越，高傲
supreme,"adj.极度的，极大的，至高的必胜客的pizza, super supreme"
surge,n.巨涌，汹涌，澎湃vi.汹涌，澎湃，振荡，滑脱，放松surge汹涌---向上滚---高涨
surgeon,n.外科医生doctor(医生)--physician(内科医生)--surgeon(外科医生)
surpass,vt.超越，胜过sur(超过)+pass(通过)----超越
survival,"n.生存，幸存，残存，幸存者，残存物sur(超过)+viv(活的)+al----活的比别人长, 存活下来"
suspicious,"adj.(~of).可疑的，怀疑的su(底下)+spic(看)+ious-的---在底下偷偷看某人,就是“怀疑的”"
swamp,n.沼泽，湿地，v.陷入沼泽，淹没，覆没
symbol,n.符号，记号，象征
sympathy,n.同情，同情心
symptom,"n.症状，征兆sym+ptom,sym-共同,ptom谐音“怕疼”---共同怕疼---症状"
synthesize,v.综合，合成
tailor,n.裁缝vt.裁缝，缝制（衣服），适应，适合
tenable,"adj.守得住的, 可防守的 adj. 站得住脚的ten(可站的住脚的)+able----守的住的"
territory,n. 领土，版图，地域
testify,"v.证明，证实，作证testicle(睾丸)和testify(证明)有一个相同的词根,古罗马法庭上男子起誓,都要将手“按在自己的睾丸上”这也就是testicle和testify有一个相同的词根的原因"
testimony,n.证词，宣言，陈述
theory,n.理论，学说，原理，意见，推测
therapy,n.治疗
thoroughly,adv.十分的，彻底地
thrive on,以旺盛
tighten,v.变紧，绷紧，拉紧
tilt,"v. 倾斜；（使）翘起 v 争论tile(瓦片)--- tilt(倾斜)----wilt(枯萎)  tile突然间tilt下来, 把下面的花花草草都砸wilt了"
torpedo,"n.鱼雷，油井爆破筒v.用鱼雷进攻，破坏吐,吡,咚' 鱼雷发射的整个过程"
touchable,adj.可触的，可食用的touch(可触摸的)+able(形容词后缀)
tough,"adj.强硬的，艰苦的，坚强的，坚韧的，强壮的相对的词tender,柔软的"
tragedy,"n.悲剧，惨案，悲惨，灾难相对的comedy,喜剧的"
trait,n.显著的特点，特性
trick,n.诡计，骗局，恶作剧，窍门，诀窍vt.欺骗，哄骗万圣节小朋友们都会说trick or treat 不给糖就捣蛋
typical,adj.典型的，象征性的
ultimate,adj.最后的，最终的，根本的n.最终
undergo,"vt.经历，遭受，忍受去下层生活,经历痛苦, 无法忍受而出走"
uniform,"adj.统一的，相同的，一致的，均衡的n.制服uni(唯一的)+form(形式)----唯一的形式, 统一的"
universe,n.宇宙，世界，万物，领域uni(唯一的)+verse(旋转)-----世界万物都是朝一个方向
unorthodox,adj.非正统的，异教的，异端的un(非)+ortho(正宗的)+dox(意见)-----非正宗的意见
urban,adj.城市的，市区的相对的词rural
urge,vt.催促，力劝n.强烈愿望，迫切要求‘饿急’饿急了，干事都特催着
utilize,vt.利用
vary,vt.改变，变更，是多样化vi.变化，不同，违反
venture,"n.冒险，投机，风险v.冒险，冒昧，斗胆adventure冒险的, 你去蹦极, 叫adventure, 不栓绳就跳下去了, 叫venture 或着 suicide"
victim,"n.受害人，牺牲者，牺牲品vit(邪恶)+tim(胆小)----在邪恶面前我们变的很胆小,所以经常成为受害者"
vigor,"n.精力，活力 伟哥', 伟哥是用来增加精力的"
violence,n.猛烈，强烈，暴力，暴行，强暴viol(暴力)+ence( 名词的后缀)
virtually,adv.事实上，实质上actually
vital,adj.生死攸关的，重大的，生命的，生机的vit(生命)+al----生命当然是很重要的啦
vitamin,n.维他命，维生素念一下就知道了
vocal,adj.发噪音的，声音的，有声的，歌唱的n.元音，声乐作品voc=vok(呼喊)+ al(形容词词缀)
vulnerable,adj.易受攻击的，易受…攻击vuln(伤)+ er+able----易受伤的
wilful,"adj.任性的; 固执的wil(意愿)+ful(完全的)----完全按照自己的意愿, 不听劝阻,任性的"
wipe,v.擦，揩，擦去wiper手帕
yield,"v.出产，生长，生产vi.（~to）屈服，屈从yi(已)+eld(老)----已经老了, 对有些事情就得屈服了"
