mercy,"n.仁慈,怜悯,宽恕"
mere,"a.纯粹的;仅仅,只不过"
merely,adv.仅仅，只不过
merge,v.(使)结合，(使)合并，(使)合为一体
merit,"n.优点,价值,功绩 v.值得,应得"
merry,"a.欢乐的,愉快的"
mess,"n.混乱,混杂,脏乱 v.弄脏,弄乱,搞糟"
message,"n.消息,信息,通讯,启示,教训,广告词,预言"
messenger,"n.送信者,使者,传令兵"
metal,"n.金属,金属制品"
metaphor,n.隐喻，暗喻
method,"n.方法,办法"
metre,n.(meter)米，公尺；仪表，计量器
metric,"a.米制的,公制的"
metropolitan,"a.首都的,主要都市的,大城市"
microphone,"n.话筒,扩音器"
microscope,n.显微镜
middle,"n./a.中间(的),当中(的)"
midst,"n.中间,当中"
might,"aux.v.可能,也许 n.力量,威力,权力"
migrate,"v.迁移,移居(国外)"
mild,"a.温和的,轻微的,味淡的,不含有害物质的的"
mile,n.英里，哩，海里
militant,a.好战的，富于战斗性的 n.斗士
military,"a.军事的,军用的,军队的"
milk,n.牛奶；(植物流出的)白色乳液 v.挤奶
mill,"n.磨粉机,磨坊;作坊,工厂"
millimeter,n.(millimetre)毫米
million,"num./n.百万,百万个"
millionaire,n.百万富翁
mind,"n.精神,理智,意见,记忆力 v.注意,介意,反对"
mine,pron.(I的物主代词)我的(东西)n.矿 v.采矿
mineral,"n.矿物,矿石 a.矿物的,矿质的"
mingle,v.(使)混合
miniature,"n.缩小的模型,缩图 a.微型的,缩小的"
minimize,"v.(minimize)使减少到最少,使降到最低"
minimum,"n.最小值,最低限度 a.最小的,最低的"
minister,"n.部长,大臣"
ministry,n.(政府的)部;牧师
minor,"a.较小的,较小的 n.兼修学科 v.(in)兼修"
minority,"n.少数,少数派,少数民族"
minus,"a.负的,减的 prep.减去 n.负号,减号"
minute,"n.分钟,片刻;(pl.)会议记录a.微小的,微细的"
miracle,"n.奇迹,令人惊奇的人(或事)"
mirror,"n.镜子;反映,反射 v.反映,反射"
mischief,"n.损害,伤害,危害;恶作剧,胡闹;灾祸"
miserable,"a.痛苦的,悲惨的"
misery,"n.痛苦,悲惨,不幸"
misfortune,"n.不幸,灾祸,灾难"
mislead,"v.把…带错路,使误入岐途"
miss,"n.小姐 v. 思念,未击中,错过,漏掉,逃脱"
missile,"n.导弹,发射物"
missing,"a.漏掉的,失去的,失踪的"
mission,"n.使命,任务;使团,代表团"
missionary,a.教会的，传教(士)的 n.传教士
mist,"n.薄雾,霭"
mistake,"n.错误,过失,误解 v.弄错;(for)把…误认为"
mistress,"n.女主人;主妇;情妇,情人"
misunderstand,"v.误解,误会"
mix,v.使混合;混淆
mixture,"n.混合;混合物,混合剂"
moan,"n.呻吟声,悲叹声 v.呻吟,抱怨,悲叹"
mob,n.乌合之众(尤指暴力者) vi.围攻，聚众闹事
mobile,"a.可动的,活动的,运动的"
mobilize,"v.(mobilise)动员,赋予可动性"
mock,"v.嘲笑 a.假的,模拟的 n.(常pl.)模拟考试"
mode,"n.方式,式样"
model,"n.样式,型;模范;模型,原型;模特 v.模仿"
moderate,"a.有节制的,中等的,适度的,温和的,稳健的"
modern,"a.现代的,近代的,新式的"
modernization,n.(modernisation)现代化
modest,"a.谦虚的,有节制的"
modify,"v.更改,修改,修饰"
module,n.组件，模块，模件；(航天器的)舱
moist,"a.潮湿的,湿润的,多雨的"
moisture,"n.潮湿,湿气,湿度"
molecule,n.分子
moment,"n.片刻,瞬间,时刻"
momentum,"n.动力,要素"
monarch,n.帝王，君主，最高统治者
Monday,n.星期一
monetary,"a.金融的,货币的"
money,"n.货币,钱"
monitor,"n.班长;监听器,监视器 v.监控,监测"
monkey,n.猴子
monopoly,"n.垄断,专卖,专利权,专利事业"
monotonous,"a.单调的,无变化的"
monster,"n.怪物,妖怪,畸形的动植物"
month,"n.月,月份"
monthly,"a.每月的 ad.每月一次,按月 n.月刊"
monument,"n.纪念碑,纪念馆,遗迹,不朽的业绩"
mood,"n.心情,情绪;语气"
moon,n.(加the)月球，月亮；卫星
moral,"a.道德(上)的,精神上的 n.寓意,教育意义"
morality,"n.道德,美德"
more,a.更多的 n.更多的人(或东西) ad.更，更多
moreover,"conj./ad.再者,加之,而且"
morning,n.早晨，上午
mortal,a.致命的;终有一死的;人世间的 n.凡人
mortgage,n./v.抵押(借款)
mosaic,n.马赛克;镶嵌体
mosquito,n.蚊子
moss,"n.苔,藓,地衣"
most,a.最多的；大多数的 ad.最；极其 n.大多数
mostly,"ad.几乎全部地;主要地,大部分,基本上"
motel,n.(附有停车场的)汽车旅馆
mother,n.母亲
motion,"n.运动,动;提议,动议 v.提议,动议"
motivate,vt.促动；激励，鼓励，作为…的动机
motive,"n.动机,目的 a.发动的,运动的"
motor,"n.发动机,电动机"
mould,n.(mold)模子，铸型 v.浇铸，造型，塑造
mount,"v.登上;安装 n.支架,底板;(用于山名前)山峰"
mountain,n.山
mourn,"v.哀悼,忧伤"
mouse,"n.(pl.mice)鼠,耗子"
mouth,"n.口,嘴"
move,"v.移动,迁移;活动;感动 n.移动,活动,行动"
movement,"n.运动,活动;移动,迁移"
movie,"n.电影,电影院"
much,a.多的，大量的 ad.十分，非常；到极大程度
mud,n.泥，泥浆 v.弄脏，使沾污泥
mug,n.(有柄的)大茶杯
multiple,"a.多样的,多重的 n.倍数 v.成倍增加"
multiply,"v.(by)乘,使相乘;倍增,增加,繁殖"
multitude,"n.众多,大量"
municipal,"a.市的,市政的;市立的;地方性的,地方自治的"
murder,"v./n.谋杀,凶杀"
murmur,"v./n.小声说(话);小声抱怨,咕哝"
muscle,"n.肌肉,体力"
muscular,a.肌肉的;肌肉发达的;强健的
museum,"n.博物馆,展览馆"
mushroom,"n.蘑菇 vt.迅速生长,迅速增加,采蘑菇"
music,n.音乐，乐曲，乐谱
musical,a.音乐的;有音乐才能的 n.音乐片
musician,"n.音乐家,乐师"
must,aux.&v.必须；很可能；一定要 n.必须做的事
mute,"a.哑的,缄默的n.哑巴;弱音器v.减弱…的声音"
mutter,"n.喃喃而语,小声低语;抱怨 v.低声说,抱怨"
mutton,n.羊肉
mutual,a.相互的，彼此的；共同的，共有的
my,pron.(I的所有格)我的
myself,pron.[反身代词]我自己；我亲自
mysterious,"a.神秘的,可疑的,难理解的"
mystery,"n.神秘,神秘的事物;神秘小说,侦探小说"
myth,n.神话;虚构的理论
nail,"n.指甲,爪;钉 v.将…钉牢,钉住"
naive,a.天真的
naked,"a.裸体的,无遮敝的,无掩饰的"
name,n.名字(称/声/义) vt.给…取名；列举；提名
namely,"ad.即,也就是"
nap,"n.小睡,打盹"
napkin,"n.餐巾,餐巾纸,<英>尿布"
narrative,a.叙述性的 n.叙述
narrow,"a.狭窄的,狭的,狭隘的"
nasty,"a.肮脏的,卑劣的,下流的;令人厌恶的"
nation,"n.民族,国家"
national,"a.民族的,国家的,国立的"
nationality,"n.国籍,民族"
native,"a.本地的,本国的;天生的 n.本地人,本国人"
natural,"a.正常的;自然界的,天然的,天赋的,固有的"
nature,"n.自然界,大自然;性质,本性,天性"
naughty,"a.顽皮的,淘气的"
naval,"n.海军的,军舰的"
navigation,"n.航海,航空;导航,领航"
navy,n.海军
near,a.近的，接近的；亲近的 prep.靠近 ad.接近
nearby,a.附近的 ad.在附近 prep.在…附近
nearly,"ad.差不多,几乎"
neat,"a.整洁的,干净的,优美的,精致的"
necessary,"a.必需的,必要的;必然的 n.必需品"
necessitate,"v.使成为必要,需要"
necessity,"n.必要性,需要;必然性;(pl.)必需品"
neck,n.颈脖
necklace,n.项链，项圈
need,aux.v./v.需要；必须 n.需要；贫困，困窘
needle,"n.针,指针,针状物"
negative,"a.否定的,消极的,阴性的 n.负数;(摄影)底片"
neglect,"v./n.忽视;疏忽,漏做,忽略"
negligible,a.可忽略不计的，微不足道的
negotiate,v.商订；谈判，洽谈，交涉
Negro,n.黑人 a.黑人的
neighbor,n.(neighbour)邻居
neighborhood,"n.(neighbourhood)邻居;四邻,街道"
neither,a.两者都不 pron.两者都不 ad.也不
nephew,"n.侄子,外甥"
nerve,"n.神经;勇敢,胆量"
nervous,"a.神经的;神经过敏的,紧张不安的"
nest,"n.窝,巢 v.筑巢"
net,"n.网,网状物 v.用网捕,使落网 a.纯净的"
network,"n.网状物;广播网,电视网;网络"
neutral,"a.中立的;中性的,中和的"
never,ad.永不，从不，决不；从来没有；不，没有
nevertheless,"conj.(nonetheless)然而,不过 ad.仍然,不过"
new,a.新(近)的；新来的；不熟悉的；没经验的
news,n.新闻，消息；新闻报道，新闻广播
newspaper,n.报纸
next,a.紧接的，其次的；贴近的 ad.其次；居后
nice,a.美好的，令人愉快的；友好的，亲切的
nickel,n.镍;镍币;五美分
nickname,n.绰号，浑名vt.给…起绰号
niece,"n.侄女,甥女"
night,n.夜间；夜；晚(上)
nightmare,n.恶梦；可怕的事物，无法摆脱的恐惧
nine,num.九 pron./ad.九(个，只...)
nineteen,num./a.十九 pron.十九(个，只...)
ninety,num.九十，九十个
nitrogen,n.[化]氮
no,ad.不是，不 a.没有的；不允许 n.不，拒绝
noble,"a.高尚的;贵族的,高贵的 n.贵族"
nobody,"pron.谁也不,无人 n.小人物"
nod,"v.点(头),点头招呼 n.点头招呼;打盹,瞌睡"
noise,"n.喧闹声,噪声,吵嚷声"
noisy,"a.吵闹的,喧闹的"
nominal,"a.名义上的;(金额,租金)微不足道的"
nominate,"v.提名,任命"
none,pron.没有任何人(东西)；都不 ad.一点也不
nonetheless,"ad.[nevertheless]虽然如此, 但是"
nonsense,"n.胡说,废话"
noodle,n.(常用复数)面条
noon,n.中午，正午
nor,conj.／ad.也不，也没有
norm,"n.准则,规范,准则,平均数"
normal,"a.正常的,普通的;正规的,标准的"
normalization,"n.(normalisation)正常化,标准化"
north,"n.北,北方 a.北方的,北部 ad.向北方,在北方"
northeast,"n.东北 a.东北方的 ad.向东北,在东北"
northern,"a.北方的,北部的"
northwest,"n.西北方,西北部a.西北的ad.向西北,在西北"
nose,"n.鼻子;(飞机,船等的)前端,突出部分"
not,ad.不，不是，不会；没有
notable,"n.值得注意的,显著的,著名的"
note,"n.笔记;按语,注释;钞票,纸币v.记下,摘下"
notebook,n.笔记本
nothing,n.没有东西；什么也没有；无关紧要的人或事
notice,"n.通知,通告,布告;注意,认识 v.注意到,注意"
noticeable,"a.显而易见的,值得注意的,重要的"
notify,"v.通知,告知,报告"
notion,"n.概念,想法,意念,看法,观点"
notorious,"a.臭名昭著的,声名狼藉的"
notwithstanding,prep./ad./conj.尽管
noun,n.名词
nourish,"v.提供养分,养育,怀有(希望,仇恨等)"
novel,"n.(长篇)小说 a.新奇的,新颖的"
novelty,"n.新奇,新颖,新奇的事物"
November,n.十一月
now,ad.现在，如今，目前；当时，于是，然后
nowadays,"ad.现今,现在"
nowhere,"ad.任何地方都不,没有地方"
nuclear,"a.核心的,中心的;原子核的,核能的"
nucleus,"n.(pl.nuclei)核,核心,原子核"
nuisance,n.讨厌的人(或东西);麻烦事
numb,"a.麻木的,失去感觉的 v.使麻木"
number,"n.数,数字,数量,号码,一群 v.共计,编号"
numerical,a.数字的，用数字表示的，数值的
numerous,"a.众多的,许多的,大批的"
nurse,"n.护士,保姆 v.护理,看护"
nursery,n.托儿所
nurture,"n./v.养育,教育,教养 n.营养品v.给与营养物"
nut,"n.坚果;螺母,螺帽"
nutrition,"n.营养,营养学"
nylon,n.尼龙
oak,"n.橡树,橡木 a.橡木的"
oar,"n.桨,橹 v.划,划动,划行"
oath,"n.誓言,誓约,诅咒"
obedience,"n.服从,顺从"
obedient,"a.服从的,顺从的"
obey,"v.服从, 顺从"
object,"n.物体;客体,对象;目标;宾语 v.(to)反对"
objection,"n.(to)反对,异议,不喜欢,反对的理由"
objective,"n.目标,目的 a.客观的,真实的"
obligation,"n.义务,责任"
oblige,"v.强迫,迫使;责成;(使)感激,施恩于"
obscure,"a.暗的,朦胧的;模糊的,晦涩的"
observation,"n.观察,观测,监视;(pl.)观察资料;观察力"
observe,"v.观察,观测,注意到,监视,遵守,评述,说"
obsession,"n.迷住, 困扰"
obsolete,"a.已废弃的,过时的"
obstacle,"n.障碍(物),妨碍,阻碍,干扰"
obstruct,"v.阻隔,阻塞(道路、通道等)n.阻碍物,障碍物"
obstruction,"n.妨碍,障碍物"
obtain,"v.获得,得到"
obvious,"a.明显的,显而易见的"
occasion,"n.场合,时节,时刻;时机,机会"
occasional,"a.偶然的,非经常的,特殊场合的;临时的"
occupation,"n.占领,占据;占用;职业,工作"
occupy,"v.占,占用;占据,占领;使忙碌,使从事"
occur,"v.发生,出现;存在;想起,想到"
occurrence,"n.发生,出现;事件,事故,发生的事情"
ocean,n.海洋
o'clock,ad.(…)点钟(与1至12数字连用)
October,n.十月
odd,a.奇数的;奇怪的;单只的;临时的;带零头的
odds,"n.不平等,差异;机会"
odor,"n.(odour)气味,香味,臭味,名声"
of,prep.…的；在…之中；用…制的；关于…的
off,ad.离开；在远处；脱开 prep.从，从...离开
offend,"v.犯罪,冒犯,违反,得罪,使...不愉快"
offensive,"a.冒犯的,攻击的 n.攻势,进攻"
offer,"v.提供,提议,出现 n.出价,提议,意图"
office,"n.办公室,办事处;职务,公职;部,局,处"
officer,"n.官员,办事员;工作人员;军官"
official,"n.官员,行政官员 a.官方的,官方的,正式的"
offset,"n.分支,补偿 v.抵消,补偿"
offspring,"n.子孙,后代;结果,产物"
often,ad.常常，经常，通常
oil,n.油，石油 v.给…加润滑油；涂油，上油
okay,a.(okey，OK，O.K.)好，行，不错 n.同意
old,a.年老的；…岁的；长时间的，老的；过去的
omit,"v.省略,删去;遗漏,忽略"
on,a.连接上 prep.在…上；靠近 ad.向前，继续
once,ad.一次，曾经 conj.一(旦)…就… n.一次
one,num.一 pron.一个(只)(表示代替可数的东西)
oneself,pron.[反身代词]自己；亲自，本人
onion,n.洋葱
only,ad.仅仅，只不过 a.唯一的 conj.可是，不过
onto,prep.在...上面；到...上面
opaque,"a.不透明(光)的;难理解的,晦涩的"
open,"n.公开,户外 a.开的,开放的 v.开"
opening,"n.开,开放,开始,空缺,机会 a.开始的,开幕的"
opera,n.歌剧
operate,"v.操作,运转,开动,起作用,动手术"
operation,"n.运转,开动,操作,手术,运算,经营"
operational,"a.操作的,运转的,起作用的,经营的"
operator,"n.操作人员,(电话)接线员"
opinion,"n.意见,看法,主张"
opponent,"n.对手,反对者,敌手 a.对立的,对抗的"
opportunity,n.机会
oppose,"v.反对,使对立,使对抗,使相对"
opposite,"a.对面的,相对的,相反的 n.对立面"
oppress,"v.压迫,压制"
opt,vi.抉择，选择
optical,"a.眼的,视力的;光学的"
optimistic,a.乐观主义的
optimum,a.最适宜的 n.最适宜(条件)
option,"n.选择(权),[商]选择买卖的特权"
optional,"a.可以任选的,随意的,非强制的"
or,conj.或，或者(表示选择)；即，大约；否则
oral,a.口头的
orange,"n.柑,桔,橙"
orbit,n.轨道 v.(使)沿轨道行
orchard,"n.果园,果园里的全部果树,<美俚>棒球场"
orchestra,n.管弦乐队
order,"n.命令;次序;整齐;定货单;等级 v.定制,订购"
orderly,"a.整齐的,有秩序的,有条理的 n.勤务兵"
ordinary,"a.普通的,平凡的,平常的;平庸的"
ore,"n.矿石,矿砂"
organ,"n.器官;机构,机关;风琴"
organic,a.器官的;有机的;有机体的
organism,n.生物，有机体
organization,"n.(organization)组织,团体,机构"
organize,"v.(organise)组织,编组"
orient,"n.东方,亚洲 v.使朝东,为…定位,使适应"
oriental,"a.东方的,东方诸国的 n.东方人"
orientation,"n.方向,方位,定位,倾向性,向东方"
origin,"n.起源,由来;出身,来历"
original,"a.最初的,原文的;新颖的 n.原物,原作,原文"
originate,"v.(in,from)起源,发生;首创,创造"
ornament,"v.装饰,美化 n.装饰,装饰物"
orphan,n.孤儿
orthodox,"a.传统的,正统的,习惯的,保守的,东正教的"
other,a.另外的，其他的 n./pron.另一个人(或事)
otherwise,"ad.另样,用别的方法;在其他方面conj.要不然"
ought,"aux.应该(使用时,之后应接to,再接动词原形)"
ounce,"n.盎司,英两"
our,pron.[we的所有格]我们的
ours,pron.[we的物主代词]我们的(所有物)
ourselves,pron.[反身代词]我们自己；我们亲自
out,ad.出去；离家；突出来 a.外面的，往外去的
outbreak,"n.(战争,愤怒,火灾等的)爆发,(疾病的)发作"
outcome,"n.结果,成果"
outdoor,"a.室外的,野外的"
outer,"a.外部的,外面的,外层的"
outfit,"n.用具,机构,全套装配 v.配备,(得到)装备"
outing,"n.外出,旅行,散步"
outlet,"n.出路,出口;销路,市场;发泄方法;电源插座"
outline,"n.轮廓,略图;大纲,梗概 v.概述,略述"
outlook,"n.景色,风光;观点,见解;展望,前景"
output,"n.产量,输出(量)"
outrage,"n.暴行,侮辱,愤怒 v.凌辱,引起…义愤,强奸"
outset,"n.开始,开端"
outside,ad.向外面 n.外部 a.外部的 prep.在…外
outskirts,n.郊区
outstanding,"a.突出的,显著的,杰出的"
outward,"a.外面的,公开的,向外的ad.向外,在外n.外表"
oval,a.卵形的，椭圆形的 n.卵形，椭圆形
oven,"n.炉,灶,灶箱"
over,ad.在上方；遍及地 prep.在的上方 a.结束的
overall,"a.全面的,综合的 n.(pl.)(套头)工作服"
overcoat,"n.外衣,大衣"
overcome,"v.战胜,克服"
overflow,"v.(使)外溢,(使)溢出;溢出,流出,漫出"
overhead,a.在头顶上的;架空的 ad.在头顶上
overhear,"v.偶然听到,从旁听到"
overlap,"v.重叠,与…交叠 n.重叠"
overlook,"v.看漏,忽略;俯瞰,眺望;宽容,放任"
overnight,"a.通宵的,晚上的 ad.在昨夜,一夜工夫,突然"
overpass,"n.过街天桥 vt.胜过,通过,忽视"
overseas,"a.外国的,海外的 ad.在海外"
overtake,"v.追上,超过,突然降临,压倒"
overthrow,"v./n.推翻,颠覆"
overtime,"a.超时的,加班的 ad.加班"
overturn,"n.倾覆,破灭,革命 v.打翻,推翻,颠倒,翻倒"
overwhelm,"v.淹没,覆没,压倒,制服,使不知所措"
overwhelming,"a.势不可挡的,压倒的"
owe,"v.欠(债等),应向…付出,归功于,得感谢"
owing,"a.欠的,未付的"
owl,n.猫头鹰
own,a.(用在所有格后面，加强语气)自己的
owner,"n.物主,所有者"
ownership,"n.所有(权),所有制"
ox,"n.牛,公牛"
oxide,n.[化]氧化物
oxygen,"n.氧,氧气"
ozone,n.臭氧；(海岸等的)新鲜空气
pace,"n.步,步伐,步调,速度 v.踱步,用步测"
pack,"v.捆扎,打包;塞满,挤满n.包裹,背包,一群/副"
package,"n.包装,包裹,箱,包装费,标准部件,成套设备"
packet,"n.小包裹,小捆;盒;一捆,一扎;邮船,班轮"
pact,"n.合同,条约,公约,协定"
pad,"n.垫,衬垫;便笺簿 v.加上衬垫"
paddle,n.桨 v.用桨划
page,"n.页,记录,事件,专栏 vt.给...标页码"
pail,"n.桶, 提桶; 一桶的量"
pain,"n.痛,痛苦;(pl.)努力,劳苦 vt.使痛苦"
painful,"a.疼痛的,使痛苦的,费力[心]的,棘手的"
paint,"n.油漆,颜料 v.油漆;涂,涂漆;画;描绘,描述"
painter,"n.漆工,画家"
painting,"n.上油漆,着色;绘画;油画;画法"
pair,"n.一对,一双;一副;夫妇 v.配对,成对"
palace,"n.宫,宫殿"
pale,"a.苍白的,灰白的;浅的,暗淡的"
palm,"n.手掌,掌状物,棕榈vt.与…握手,藏…于掌中"
pamphlet,n.小册子
pan,"n.平底锅,盘子,面板"
panda,n.熊猫
panel,"n.面,板;控制板,仪表盘;专门小组"
panic,"n./a.恐慌(的),惊慌(的) vt.使惊慌,使害怕"
panorama,"n.全景,全景画,全景摄影,全景照片[装置]"
pant,"n.喘气 v.喘,气喘吁吁地说"
pants,"n.裤子, 短裤"
paper,n.纸；纸制品；报纸；(pl)文件；试卷；论文
paperback,n.平装本，简装本
parachute,n.降落伞 v.跳伞
parade,"n./v.游行,夸耀n.检阅,阅兵式v.使列队行进"
paradigm,n.典范; 范例; 示例
paradox,"n.似非而是的话,自相矛盾的话,反论"
paragraph,"n.段,节;小新闻,短评"
parallel,"a.平行的,相同的,类似的n.平行线,类似,对比"
paralyze,v.(paralyse)使瘫痪(麻痹);使丧失作用
parameter,"n.参数,参量"
parasite,"n.寄生虫,食客"
parcel,"n.包裹,邮包,部分 v.打包,捆扎,分配"
pardon,"n.原谅,宽恕;请再说一遍 v.原谅,饶恕,赦免"
parent,"n.父母,母亲;(pl.)双亲;父母"
park,"n.公园,停车场,运动场 v.停放(汽车等),寄放"
parliament,"n.国会,议会"
part,"n.部分,角色,一方,零件,地区,部,篇v.使分开"
partial,"a.部分的,不完全的;偏袒的,不公平的,偏爱的"
participant,"n.参加者,参与者 a.有份的,参与的"
participate,"v.(in)参与,参加;分享,分担;含有,带有"
particle,"n.粒子,微粒;极小量;小品词,虚词"
particular,"a.特殊的,苛求的,个别的n.详情,细节,特色"
partly,"ad.部分地,不完全地,在一定程度上"
partner,"n.合作者,合伙人,合股人,伙伴,舞伴,配偶"
party,"n.聚会,政党,当事人 v.举行(参加)社交聚会"
pass,v.经/通/穿/度过；传递 n.通行证；考试及格
passage,"n.通过,经过;通路,走廊;(一)段落,(一)节"
passenger,"n.乘客,旅客"
passer-by,n.(pl.passers-by)过路人
passion,"n.热情,激情,爱好;激怒;强烈感情"
passive,"a.被动的,消极的"
passport,"n.护照,达到某种目的的手段"
past,a.过去的 ad.过 n.过去，昔日 prep.(经)过
paste,"n.糊,浆糊 v.粘,贴"
pastime,"n.消遣,娱乐"
pasture,"n.牧草地,牧场"
pat,"v./n.轻拍,轻打,抚摸"
patch,"n.补丁,斑点,碎片小块 v.补,修补,掩饰"
patent,"a.专利的,特许的n.专利(权、品)v.批准专利"
path,"n.小路,小径;路线,轨道"
pathetic,"a.可怜的, 悲惨的"
patience,"n.耐心,忍耐"
patient,"a.有耐心的,能忍耐的 n.病人,患者"
patriotic,a.爱国的
patrol,v.巡逻，巡查 n.巡逻，巡查；巡逻队
patron,n.赞助人；资助人；老顾客，老主顾
pattern,"n.模式,式样;图案,图样 v.仿制,模仿"
pause,"v./n.中止,暂停"
pave,"v.铺砌,铺(路)"
pavement,n.人行道
paw,n.爪
pay,"v.付款,付出代价,给予注意 n.工资,薪金"
payment,"n.支付,付款额"
pea,n.豌豆
peace,"n.和平;平静,安宁"
peaceful,"a.和平的,平静的,安宁的,爱好和平的"
peach,"n.桃,桃树"
peak,"n.山顶,最高点;峰,山峰 a.高峰的,最高的"
peanut,n.花生
pear,"n.梨子,梨树"
pearl,n.珍珠
peasant,n.(不用于英国或美国)小农;佃农;农民
pebble,n.卵石
peculiar,"a.古怪的,异常的;特殊的,特有的"
pedal,"n.踏板 v.踩踏板,骑自行车"
pedestrian,"n.步行者 a.徒步的,呆板的,通俗的"
peel,"v.削皮,剥皮 n.果皮"
peep,"v.偷看,窥视"
peer,"n.同辈,同等地位的人;贵族 v.凝视,隐约出现"
pen,"n.钢笔,圆珠笔,作家,围栏 vt.写,关入栏中"
penalty,"n.处罚,刑罚,惩罚,罚金"
pencil,n.铅笔 vt.用铅笔写
pendulum,"n.摆,钟摆"
penetrate,"v.穿过,渗入,看穿"
peninsula,n.半岛
penny,"n.便士,美分"
pension,"n.养老金,年金"
people,n.人们，人；[the-]人民；一国人民，民族
pepper,"n.胡椒粉,胡椒;辣椒"
per,"prep.每;经,由"
perceive,"v.察觉,感知;理解,领悟"
percent,n.(per cent)百分之...的
percentage,"n.百分数,百分率,百分比"
perfect,a.完善的;完全的;(语法)完成的 v.使完美
perfection,"n.尽善尽美,完美"
perform,"v.履行,执行;表演,演出;完成(事业)"
performance,"n.履行,执行;表演,演出;性能,特性;成绩"
perfume,"n.香味,芳香;香料 v.使发香,洒香水于"
perhaps,"ad.也许,大概,恐怕"
period,"n.时期,时代;学时;周期,一段时间;句点"
periodical,"n.期刊,杂志 a.周期的,定期的"
perish,"v.丧生;凋谢;毁灭,消亡"
permanent,"a.永久的,持久的"
permeate,v.弥漫，遍布，散布；渗入，渗透
permission,"n.允许,同意"
permit,"v.许可,允许 n.许可证,执照"
perpetual,"a.永久的,永恒的,长期的"
perplex,"v.使困惑,使费解,使复杂化"
persecute,v.迫害
persevere,"v.坚持,坚忍,不屈不挠"
persist,"v.(in)坚持,持续"
person,n.人，喜欢(或适应)..的人；人物；人称
personal,"a.个人的,私人的;亲自的;身体的,人身的"
personality,"n.人格,个性"
personnel,"n.全体人员,全体职员;人事(部门)"
perspective,"n.透视画法,透视图;远景,前途;观点,看法"
persuade,"v.说服,劝说;(of)使相信"
persuasion,"n.说服,说服力"
pessimistic,a.悲观(主义)的
pest,n.害虫
pet,"n.爱畜,宠儿 a.宠爱的,表示亲昵的"
petition,"n.请愿书,申请书 v.(向…)请愿,正式请求"
petrol,n.汽油
petroleum,n.石油
petty,"a.小(器、规模)的,不重要的,细微的,卑鄙的"
pharmacy,"n.药房,药剂学,制药业,配药业,一批备用药品"
phase,"n.阶段,状态,时期;相,相位"
phenomenon,"n.现象,稀有现象,珍品,奇迹,杰出人才"
philosopher,"n.哲学家,哲人"
philosophy,"n.哲学,哲理,人生观,价值观,世界观"
phone,"n.(telephone)电话,电话机,耳机 v.打电话"
photo,n.(photograph)照片
phrase,"n.短语,词语,习语"
physical,"a.物质的;肉体的,身体的;自然科学的,物理的"
physician,n.内科医生
physicist,n.物理学家
physics,n.物理(学)
physiological,"a.生理学的, 生理学上的"
piano,n.钢琴
pick,"v.拾,采,摘;挑选,选择 n.镐,鹤嘴锄"
pickup,"n.拾起,获得"
picnic,n.野餐 v.(去)野餐
picture,"n.画,图片;影片;美景 v.画,描述,想象"
pie,n.馅饼
piece,"n.(一)件/片/篇;碎片v.(together)拼合,拼凑"
pierce,"v.剌穿,刺破"
pig,n.猪，猪肉；猪一般的人(指肮脏，贪吃的人)
pigeon,n.鸽
pile,"n.堆,大量,大数目 v.(up)堆,叠,堆积"
pilgrim,"n.(在国外)旅游者;朝圣者,最初的移民"
pill,n.药丸
pillar,"n.柱,台柱,栋梁"
pillow,n.枕头
pilot,"n.飞行员;领港员 v.驾驶(飞机等);领航,引水"
pin,"n.钉;大头针,别针,徽章 v.(up)钉住,别住"
pinch,"v.捏,掐,拧;收缩;紧急关头;匮乏;压力"
pine,n.松树
pink,n.粉红色 a.粉红色的
pint,n.品脱
pioneer,"n.先驱,倡导者,开拓者"
pipe,"n.管子,导管;烟斗;笛"
pirate,"n./v.海盗,盗版(者)"
pistol,n.手枪
piston,n.活塞
pit,"n.坑,陷阱;煤矿,矿井"
pitch,"n.沥青;掷 v.用沥青覆盖;投掷,扔"
pity,"v.(觉得)可怜,惋惜 n.憾事,怜悯"
place,n.地方;名次;地位;寓所 v.安排;放置;投(资)
plague,"n.瘟疫,灾害,麻烦,苦恼 vt.折磨,使苦恼"
plain,"a.明白的;朴素的;坦率;平凡 n.平原,旷野"
plan,"n.计划,规划;平面图,设计图 v.计划"
plane,"n.飞机;平面,水平面"
planet,n.行星
plant,"n.植物,作物;工厂;装置 v.栽种,播种,栽培"
plantation,n.种植园
plaster,n.灰泥;熟石膏;膏药
plastic,"n.(常pl.)塑料,塑料制品 a.可塑的,塑性的"
plate,"n.金属板,片;盘子,盆子;板,钢板v.镀,电镀"
plateau,"n.高原,平稳状态[时期]"
platform,"n.平台,台;站台,月台;政纲,党纲"
plausible,"a.似是而非的,似乎合理的,似乎可信的"
play,v.玩，做游戏；参加比赛n.游戏；玩耍；剧本
playground,"n.运动场,游戏场"
plea,n.(法律)抗辩；请求，恳求，托词，口实
plead,"v.恳求,请求;为…辩护;提出…为理由"
pleasant,a.令人愉快的 vt.使高兴 vi.满意；喜欢
please,"v.请;使愉快,使满意;喜欢,愿意"
pleasure,"n.愉快,快乐;乐事,乐趣"
pledge,n.誓约;保证 v.发誓;保证
plentiful,"a.富裕的,丰富的"
plenty,"n.丰富,大量"
plight,"n.情况,状态,困境,盟誓(婚姻) v.保证,约定"
plot,"n.秘密计划;情节 v.标绘,绘制;密谋,策划"
plough,"n.(plow)犁,耕地,犁过的地 v.犁,费力地前进"
plug,"n.塞子,插头 v.堵,塞,插上,插栓"
plumber,n.(装修水管的)管子工
plunge,"v.(into)(使)投入,(使)插进,陷入;猛冲"
plural,a.复数的 n.复数
plus,"prep.加上 a.正的,加的 n.加号,正号"
pneumonia,n.肺炎
pocket,"n.衣袋 a.袖珍的,小型的 v.把…装入袋内"
poem,n.诗
poet,n.诗人
poetry,"n.诗歌,诗集"
point,"n.尖;点;条款;分数,得分;论点 v.(at,to)指"
poison,"n.毒物,毒药 v.放毒,毒害,污染"
poisonous,"a.有毒的,恶意的,恶毒的,道德败坏的"
poke,"n.刺,戳,懒汉,袋子 v.戳,刺,伸出,刺探,闲荡"
polar,"a.两极的,极地的,南辕北辙的 n.极线,极面"
pole,"n.柱,杆;地极,磁极,电极"
police,"n.警察,警察机关 a.警察的 v.管辖"
policeman,n.警察
policy,"n.政策,方针"
polish,"v.磨光,擦亮;使优美,润饰 n.擦光剂,上光蜡"
polite,"a.有礼貌的,客气的;有教养的,文雅的"
political,a.政治的
politician,"n.政治家,政客"
politics,"n.政治,政治学;政纲,政见"
poll,n.民意测验;(pl.)政治选举 v.获得…选票
pollute,"v.弄脏,污染"
pollution,n.污染
pond,n.池塘
ponder,"v.沉思,考虑"
pool,"n.水池,游泳池;合资经营v.合伙经营,联营"
poor,a.贫困的；可怜的；贫乏的；贫瘠的；低劣的
pop,a.流行的n.(发出)砰的一声 v.突然出现
pope,"n.罗马教皇,主教,大腿上要害部位"
popular,"a.流行的,通俗的,大众的;广受欢迎的"
population,"n.人口,(全体)居民"
porcelain,"n.瓷器 a.精制的,瓷器的"
porch,"n.门廊,入口处"
pork,n.猪肉
port,n.港口
portable,"a.轻便的,手提(式)的,可移动的"
porter,"n.守门人,门房,行李搬运工,服务员"
portion,"n.一部分,一份"
portrait,"n.肖像,画像"
portray,v.描写，描述；画(人物、景象等)
pose,"n.姿势,姿态 v.造成,提出,摆姿势,佯装"
position,"n.位置;职位;姿势,姿态;见解,立场,形势"
positive,"a.肯定的,积极的,绝对的,无疑的,正的"
possess,"v.占有,拥有"
possession,"n.持有,拥有;所有权;所有物;(pl.)财产,财富"
possibility,"n.可能,可能性;可能的事,希望"
possible,"a.可能的,做得到的;合理的;可允许的"
possibly,ad.可能地，也许；无论如何
post,"v.贴出;公告;投寄 n.(支)柱;邮政,邮寄;职位"
postage,"n.邮费,邮资"
postcard,n.明信片
poster,"n海报,张贴的大幅广告"
postman,n.邮递员
postpone,"v.推迟,延期"
posture,"n.姿势,姿态,心态,态度 v.作出某种姿势"
pot,"n.罐,壶"
potato,"n.马铃薯,土豆"
potential,"a.潜在的,可能的 n.潜能,潜力"
poultry,n.家禽
pound,"n.磅;英镑 v.(连续)猛击,(猛烈)敲打,捣碎"
pour,"v.灌注, 倾泻, 涌入, 流, 倾盆大雨"
poverty,"n.贫穷,贫困"
powder,"n.粉末,药粉;火药,炸药"
power,"n.力,精力;功率,电力;(数学)幂;权力,势力"
powerful,"a.强大的,有力的,有权的"
practical,"a.实际的,实用的"
practically,"ad.几乎,实际上,简直"
practice,"n.练习,实践,实际,业务,惯例,习惯"
practise,"v.练习,实习,实践,实行,使...练习,训练"
practitioner,n.实践者，从事者；(医生或律师等)开业者
praise,"v.赞扬,歌颂;表扬 n.称赞,赞美;赞美的话"
pray,"v.请求,恳求;祈祷,祈求"
prayer,"n.祈祷,祷告,祷文"
preach,"v.宣讲(教义),布道;竭力鼓吹,宣传;说教"
precaution,"n.预防,谨慎,警惕"
precede,"v.领先(于),在(…之前);优先,先于"
precedent,n.先例
preceding,"a.在前的,在先的"
precious,"a.珍贵的,贵重的"
precise,"a.精确的,准确的"
precision,"n.精确,精确度"
preclude,"v.排除,阻止,妨碍"
predecessor,n.前辈，前任
predict,"v.预言,预测,预告"
predominant,"a.(over)占优势的;主要的,突出的"
preface,"n.序言,引言,前言 v.作序,写前言"
prefer,"v.(to)更喜欢,宁愿"
preferable,"a.(to)更可取的,更好的"
preference,"n.(for,to)偏爱,喜爱;优惠;优先选择"
pregnant,"a.怀孕的,孕育的,充满的,意味深长的"
prejudice,"n.偏见,成见;损害,侵害 v.使抱偏见,损害"
preliminary,"a.预备的,初步的"
premier,"n.首相,总理"
premise,"n.前提,房屋连地基v.提论,预述,假定"
premium,"n.额外费用,奖金,奖赏,保险费"
preparation,"n.准备,预备;制剂,制备品"
prepare,"v.准备,预备"
preposition,n.介词
prescribe,"v.指示,规定;处(方),开(药)"
prescription,"n.药方,处方"
presence,"n.出席,到场,存在,在"
present,"a.出席的,现在的 n.现在,礼物 v.赠送,提出"
presently,"ad.一会儿,不久;现在,目前"
preserve,"v.保护,维持;保存,保藏"
preside,"v.(at,over)主持"
president,"n.总统,校长,会长,主席"
press,"v.压;压榨;紧迫,催促 n.报刊,通讯社;压榨机"
pressure,"n.压,压力,压迫,强制,紧迫,困苦,困难"
prestige,"n.声望,威望,威信"
presumably,"ad.推测起来,大概"
presume,"v.假定,假设,认为,揣测,滥用,擅自行动"
pretend,"v.假装,假托,借口,(在演戏中)装扮"
pretext,"n.借口,托词"
pretty,ad.相当，很a.漂亮的，俊俏的，标致的
prevail,"v.(over,against)取胜,占优势;流行,盛行"
prevalent,"a.流行的,普遍的"
prevent,"v.(from)预防,防止,阻止,制止,妨碍"
previous,"a.先前的,以前的"
prey,"n.被掠食者,牺牲者,掠食 v.捕食,掠夺,折磨"
price,"n.价格,价钱;代价 v.标价"
prick,"n./v.刺伤,刺痛,刺孔"
pride,n.自豪;自满；引以自豪的东西 v.使自豪
priest,"n.教士,神父"
primary,"a.最初的,初级的;首要的,主要的,基本的"
prime,"a.首要的;最好的,第一流的 n.青春,全盛期"
primitive,"a.原始的,远古的,早期的;粗糙的,简单的"
prince,"n.王子,亲王"
princess,"n.公主,王妃"
principal,"a.最重要的,主要的n.负责人,校长;资本,本金"
principle,"n.原理,原则;主义,信念"
print,"n.印刷,印刷品,字体 v.印刷,出版;洗印"
prior,"a.优先的,在前的;(to)在…之前"
priority,"n.先,前;优先,重点,优先权"
prison,n.监狱
prisoner,n.囚犯
privacy,n.(不受干扰的)独处，自由，隐私；私生活
private,"a.私人的,个人的,秘密的,私下的"
privilege,"n.特权,优惠,特许 v.给予优惠,给予特权"
prize,"n.奖赏,奖金,奖品 v.珍视,珍惜"
probability,"n.可能性,或然性,概率"
probable,"a.很可能的,大概的;有希望的,可能的"
probe,"n.探针,探测器 v.(以探针等)探查,穿刺,查究"
problem,"n.问题,疑难问题;思考题,讨论题"
procedure,"n.程序,手续,步骤"
proceed,"v.进行,继续下去;发生"
proceeding,"n.行动,进行,(pl.)会议录,学报"
process,"n.过程,进程;工序,制作法;工艺 v.加工,处理"
procession,"n.队伍,行列"
proclaim,"v.宣告,声明"
produce,"v.生产,制造,显示,演出,导致 n.产品"
product,"n.产品,产物;乘积"
production,"n.生产,产品,作品,(研究)成果,总产量"
productive,"a.生产(性)的,能产的,多产的"
productivity,n.生产率
profession,"n.职业,专业,表白,宣布"
professional,"a.职业的,专门的 n.自由职业者,专业人员"
professor,n.教授
proficiency,"n.(in)熟练,精通"
profile,"n.侧面(像);轮廓,外形;人物简介"
profit,"n.利润,收益 v.(by,from)得利,获益;有利于"
profitable,"a.有利可图的,有益的"
profound,"a.深刻的,意义深远的;渊博的,造诣深的"
programme,"n.(program)节目,计划,规划,程序 v.编程序"
progress,v./n.进步，进展；前进
progressive,"a.进步的,先进的;前进的"
prohibit,"v.禁止,不准;阻止"
project,"n.方案,工程,项目v.投射,放映;设计,规划"
projector,"n.放映机,幻灯机,投影仪"
prolong,"v.拉长,延长,拖延"
prominent,"a.突起的,凸出的;突出的,杰出的"
promise,"v.允许,答应;有…可能n.承诺;希望,出息"
promising,"a.有希望的,有前途的"
promote,"v.促进,发扬;提升,提拔;增进,助长"
prompt,"a.敏捷的,迅速的,即刻的 v.激起,促进,推动"
prone,"a.倾向于,俯伏的,倾斜的,陡的"
pronoun,n.代词
pronounce,"v.发…的音;宣布,宣判"
pronunciation,"n.发音,发音方法"
proof,"n.证据,证明;校样,样张"
propaganda,n.宣传(机构)；[天主教]传道总会
propel,vt.推进，推动；激励，驱使
proper,a.适合的;合乎体统的;固有的;有礼貌的
property,"n.财产,资产,地产,房地产,所有物;性质,特性"
prophet,n.预言家；先知；提倡者
proportion,"n.比例;部分;均衡,相称"
proposal,"n.提议,建议;求婚"
propose,"v.提议,建议;提名,推荐;求婚"
proposition,"n.主张,建议;陈述,命题"
prose,n.散文 a.散文的
prosecute,vt.实行，从事 v.起诉，告发 vi.作检察官
prospect,"n.景色;前景,前途,展望"
prospective,a.预期的
prosper,"v.成功,兴隆,昌盛,使成功,使昌隆,繁荣"
prosperity,"n.繁荣,兴旺"
prosperous,"a.繁荣的,兴旺的,茂盛的,顺利的"
protect,"v.(from)保护,保卫"
protein,n.蛋白质
protest,"v./n.主张,断言,抗议,反对"
prototype,n.原型；典型，范例
proud,a.(of)自豪的;引以自豪的;妄自尊大的
prove,"v.证明,证实;检验;考验;鉴定;结果是,表明是"
provide,"v.供应,供给,准备,预防,规定"
provided,"conj.倘若,只要,假如"
province,"n.省;领域,范围,本分"
provision,"n.供应,(一批)供应品;预备;条款;(pl.)给养"
provoke,v.挑动;激发;招惹
prudent,"a.谨慎的,智慧的,稳健的,节俭的"
psychiatry,n.精神病学，精神病疗法
psychology,"n.心理,心理学,心理状态"
pub,n.(英国)小酒店；小旅馆
public,"a.公共的,公用的;公开的,公然的n.公众,民众"
publication,"n.出版物;出版,发行;公布,发表"
publicity,"n.公开,宣传,广告,推销"
publish,"v.出版,刊印;公布,发布"
puff,"n.一阵,一股(气味等);喘息;吹嘘v.喘息,鼓吹"
pull,"v.拉,拖 n.拉,拖;拉力,牵引力"
pulse,"n.脉搏,脉冲"
pump,"n.泵 v.用(泵)抽(水);打气,泵送"
punch,"n.冲压机,冲床;穿孔机 v.冲压,穿孔"
punctual,"a.严守时刻的,准时的,正点的"
punish,"v.惩罚,处罚"
pupil,"n.学生,小学生;瞳孔"
puppet,"n.木偶,傀儡"
purchase,"v.买,购买 n.购买的物品"
pure,"a.纯的,纯洁的;纯理论的,抽象的;完全的"
purify,"v.使纯净,提纯"
purple,a.紫的 n.紫色
purpose,"n.目的,意图;用途,效果"
purse,n.钱包
pursue,"v.追赶,追踪;继续,从事"
pursuit,"n.追赶,追求;职业,工作"
push,"v.推;催逼,逼迫 n.推,推力;促进,推进"
put,vt.放，搁，置；表达；使处于...状态，记下
puzzle,"n.难题,谜,迷惑 v.(使)迷惑,(使)为难"
pyramid,n.金字塔
qualification,"n.资格,合格;限定,条件;合格证"
qualify,"v.(使)具有资格,证明合格;限制,限定;修饰"
qualitative,"a.性质上的,定性的"
quality,"n.质量,品质,特性"
quantify,v.确定数量
quantitative,"a.数量的,定量的"
quantity,"n.量,数量;大量"
quarrel,"v.争吵,争论 n.争吵,争吵的原因"
quart,n.夸脱
quarter,n.四分之一;季;一刻钟;(pl.)方向;(pl.)住处
quarterly,a.每季的 ad.每季一次 n.季刊
quartz,n.石英
queen,"n.女王,皇后,王后"
queer,"a.奇怪的,古怪的"
quench,"v.熄灭,扑灭,压制,抑制,止渴"
quest,n.探寻，探求；寻求，追求
question,"n.问题;询问 v.询问;怀疑,对…表示疑问"
questionnaire,"n.调查表,问卷"
queue,"n.行列,长队 v.(up)排队,排队等待"
quick,"a.快的;灵敏的,伶俐的;敏锐的 ad.快,迅速地"
quiet,"a.安静的,平静的 n.安静 v.使安静,平静"
quilt,n.被子
quit,"v.离开,退出;停止,放弃,辞职"
quite,"ad.十分,完全;相当,颇;的确,真正"
quiver,"v./n.颤抖,抖动"
quiz,"n.小型考试,测验,问答比赛"
quota,n.(生产、进出口等的)配额，(移民的)限额
quote,"v.引用,援引"
rabbit,n.兔子
race,"n.赛跑;人种,种族;属,种 v.赛跑"
racial,"a.种的,种族的"
rack,"n.挂物架,搁物架 v.使痛苦,折磨"
racket,n.球拍
radar,n.雷达
radiant,"a.发光的,辐射的,容光焕发的"
radiate,"v.放射,辐射;散布,传播"
radical,"a.基本的,重要的;激进的,极端的;根本的"
radio,n.收音机；无线电报，无线电话v.无线电通讯
radioactive,"a.放射性,放射引起的"
radius,"n.半径,半径范围,有效航程,范围,界限"
rag,"n.抹布,破布,碎布"
rage,n.愤怒
raid,"n/v..袭击,搜查"
rail,"n.栏杆,围栏;(pl.)铁路;铁轨;横杆,栏杆"
railroad,n.(railway)铁路 v.由铁道运输
rain,n.雨；雨天；下雨 vi.下雨 vt.使大量落下
rainbow,n.虹
raise,"v.举起,提升;增加;饲养;引起;竖起;提出"
rake,"n.耙子,耙机 v.耙;搜索,探索"
rally,"v.重整,恢复,振作 n.聚集,集会,拉力赛"
random,"a.随机的,随意的 n.随机,随意"
range,"n.范围,领域;排列,连续;(山)脉v.排列成行"
rank,"n.军衔,社会阶层;排 v.分等级,把…分类"
rap,"n.叩击,轻拍,斥责 v.敲,拍,打,斥责,使着迷"
rape,"n./vt.掠夺,蹂躏,强奸"
rapid,"a.快,急速的 n.(pl.)急流,湍滩"
rare,"a.稀有的,难得的,珍奇的;稀薄的,稀疏的"
rarely,"ad.很少,难得,非常地"
rash,"a.轻率的,鲁莽的 n.皮疹"
rat,n.鼠
rate,"n.速率;等级;价格,费用 v.估价;评级,评价"
rather,"ad.相当,有一点儿;宁愿,宁可"
ratio,"n.比,比率"
rational,"a.理性的,合理的"
raw,"a.未煮过的,生的;未加工过的,未经训练的"
ray,"n.光线,射线"
razor,n.剃刀
reach,"v.抵达;(out)伸手,够到 n.能达到的范围"
react,"v.反应,起作用;(against)反对,起反作用"
read,v.朗读；阅读 vt.辨认，观察 vi.读到，获悉
reader,n.读者；读本，读物；(英国的)大学讲师
readily,"ad.容易地;乐意地,欣然地"
reading,"n.读书,读物,(仪表等的)读数,阅读"
ready,"a.(for)准备好的,现成的;甘心的"
real,"a.真的,真实的;实际的,现实的"
realise,"v.(realize)认识到,体会到;实现"
realistic,a.现实(主义)的
reality,"n.现实,实际;真实"
really,"ad.确实,实在,真正地,果然"
realm,"n.王国,国土;领域"
reap,"v.收割,收获"
rear,"n.后面,背后,后方 v.饲养,抚养,栽培,举起"
reason,"n.原因,理性,理智 v.推理,说服,辩论,讨论"
reasonable,"a.合理的,有道理的;通情达理的;适度的"
reassure,v.使安心，使放心；使消除疑虑
rebel,"v.反抗,反叛,起义 n.叛逆者,起义者"
rebellion,"n.叛乱,反抗,起义"
recall,"v.回忆,回想;撤消,收回"
recede,"v.退回,后退;收回,撤回;跌落,缩减,贬值"
receipt,"n.收据,收条;收到,接到"
receive,"v.收到,接到;遭受,受到;接待,接见"
recent,"a.新近的,近来的"
reception,"n.接待,招待会;接收,接受,接收效果"
recipe,"n.烹饪法,食谱;诀窍,方法"
recipient,"a.接受的,感受性强的 n.接受者,感受者,容器"
reciprocal,"a.相互的,往复的,互利的"
recite,"v.背诵,朗诵"
reckless,"a.不注意的,大意的,卤莽的,不顾后果的"
reckon,"v.计算,总计,估计,猜想,依赖"
reclaim,"v.要求归还,收回;开垦"
recognition,"n.认出,辨认;承认"
recognize,"v.(recognise)认出,承认,公认,赏识,表扬"
recollect,"v.回忆,想起,记起,忆起,记得"
recommend,"v.推荐,介绍;劝告,建议"
reconcile,"v.使和好,调解,使调和;(to,with)使一致"
record,n.记录;最高记录;履历;唱片v.记录;录音
recorder,n.记录员;录音机
recover,"v.收回;(from)恢复,痊愈;重新获得"
recovery,"n.痊愈,复元;重获,恢复"
recreation,"n.娱乐,消遣"
recruit,v.征募(新兵)，吸收；补充 n.新成员，新兵
rectangle,"n.[数]矩形, 长方形"
rectify,"v.纠正,整顿, [化]精馏"
recur,v.(尤指不好的事)一再发生；重现
recycle,"v./n.再循环,重复利用"
red,a.红的，红色的 n.红色；红色颜料
reduce,"v.减少,缩小;简化,还原"
reduction,"n.减小,减少,缩小"
redundant,"a.多余的,过剩的;(食物)丰富的;被解雇的"
reed,"n.芦苇,苇丛;芦笛,牧笛"
reel,"n.卷筒,线轴 v.卷,绕"
refer,"v.参考,查询;提到,引用,涉及;提交,上呈"
reference,"n.提及,涉及;参考,参考书目;证明书（人）"
refine,"v.精炼,精制,提纯;使文雅,使高尚"
reflect,"v.反射,反映,表现,反省,沉思"
reflection,"n.(reflexion)映像,倒影;反省,沉思"
reform,"v./n.改革,改造,改良"
refrain,"v.节制,避免,制止 n.(诗的)叠句"
refresh,"v.(使)精神振作,(使)精力恢复"
refreshment,"n.(pl.)点心,饮料;精力恢复,爽快"
refuge,"n.避难处,藏身处"
refugee,n.(政治上的)避难者，难民
refund,"n.归还,偿还额,退款 v.退还,偿还,偿付"
refusal,"n.拒绝,回绝"
refuse,"v.拒绝,谢绝 n.废物,垃圾"
refute,"v.反驳,驳斥"
regard,"v.(as)把…看作为;考虑n.(pl.)敬重,问候"
regarding,"prep.关于,有关"
regardless,"a./ad.不管…的,不顾…的,不注意的"
regime,"n.政体,制度"
region,"n.地区,地带,行政区,(科学等)领域"
register,"n./v.登记,注册 v.(仪表等)指示,(邮件)挂号"
regret,"v./n.遗憾,懊悔,抱歉"
regular,"a.有规律的;整齐的,匀称的,正规的,正式的"
regulate,"v.管制,控制;调节,校准;调整"
regulation,"n.规则,规章;调节,校准;调整"
rehearsal,"n.排练,排演,演习,预演,试演"
reign,"n./v.统治,支配,盛行 n.统治时期 v.占优势"
rein,"n.缰绳,统治,支配 v.驾驭,控制,统治"
reinforce,"v.增援,加强"
reject,"v.拒绝,抵制,丢弃,排斥,退掉 n.落选者"
rejoice,"v.(使)欣喜,(使)高兴"
relate,"v.叙述,讲述;使互相关联"
relation,"n.关系,联系;亲属,亲戚"
relationship,"n.关系,联系"
relative,"a.相对的,比较的,有关系的 n.亲戚,关系词"
relativity,n.相关(性);相对论
relax,"v.(使)松驰,放松"
relay,"v.中继,转播,接力 n.接替人员,替班"
release,"v.释放,解放;发表,发行 n.释放,豁免,放松"
relevant,"a.有关的,中肯的,相应的,实质性的"
reliable,"a.可靠的,可信赖的,确实的"
reliance,"n.信任,信心,依靠,依靠的人或物"
relief,"n.(痛苦等)减轻,解除;援救,救济"
relieve,"v.减轻,解除,援救,救济,换班"
religion,"n.宗教,信仰"
religious,"a.宗教的,信教的,虔诚的"
relish,"n.美味,味道,调味品,食欲,乐趣 v.喜欢,品味"
reluctant,"a.不愿的,勉强的"
rely,"v.(on)依赖,依靠;信赖,信任"
remain,"v.剩下,余留;留待,尚须;仍然是,依旧是"
remainder,"n.剩余物,剩下的;余数,余项"
remains,"n.(pl.)剩余,残余,遗迹"
remark,"n.(about,on)评语,意见 v.(on)评论;注意到"
remarkable,"a.值得注意的;显著的,异常的,非凡的"
remedy,"n.药品;治疗措施 v.治疗,医治;纠正,补救"
remember,"v.记住;(to)转达问候,代…致意,代…问好"
remind,"v.(of)提醒,使想起"
remnant,"n.剩余(物),零料,遗迹[风] a.剩余的,残留的"
remote,"a.远的,遥远的,疏远的,偏僻的,细微的"
removal,"n.移动,迁居;除去"
remove,"v.移动,脱掉,调动,免职"
renaissance,n.[the R-]文艺复兴(时期)；新生，复兴
render,"v.使得,致使;提出,提供,呈报"
renew,"v.(使)更新,恢复,重新开始,继续"
renovate,"v.更新,修复"
rent,"v.租,租赁 n.租金"
repair,"n.修理,修补 v.补救,纠正;修理"
repay,"v.偿还,报答"
repeat,"v.重复,重说,重做 n.重复"
repeatedly,"ad.重复地,再三地"
repel,"v.击退,抵制,使厌恶,使不愉快"
repertoire,"n.节目,全部剧目,保留剧目,全部技能"
repetition,"n.重复,反复"
replace,"vt.取代,替换,代替,把...放回原处"
replacement,"n.取代,替换,替换物,代替物"
reply,"v./n.(to)回答,答复,以…作答"
report,"n./v.报告,汇报;传说,传阅"
reporter,"n.报告人,通讯员;记者,报导者"
represent,"v.描述,表示;代表,代理;阐明,说明"
representative,"n.代表,代理人 a.(of)典型的,有代表性的"
repression,n.压抑，压制，镇压
reproach,"v./n.责备,指责"
reproduce,"v.生殖;翻版;繁殖;复制,仿造"
reptile,n.爬行动物
republic,"n.共和国,共和政体"
republican,a.共和的
reputation,"n.名誉,名声,声望"
request,"v./n.请求,要求"
require,"v.需要;(of)要求,命令"
requirement,"n.(for)需要,需要的东西,要求"
rescue,"v./n.营救,援救"
research,"v./n.(into,on)研究,调查"
resemblance,"n.相似,相似性[点,物]"
resemble,"v.像,类似"
resent,"v.对…表示忿恨,怨恨"
reservation,"n.保留,保留意见;预定,预订"
reserve,"n.储备(物),储备金;缄默 v.保留,储备;预定"
reservoir,"n.水库,蓄水池"
residence,"n.住处,住宅"
resident,"n.居民,常住者 a.居住的"
resign,"v.辞去,辞职,使听从(于),使顺从"
resist,"v.抵抗,反抗;抗,忍得住,抵制"
resistance,"n.(to)抵抗,反抗;抵抗力,阻力;电阻"
resistant,"a.(to)抵抗的,有抵抗力的"
resolute,"a.坚决的,果断的"
resolution,"n.坚决,决心;决定,决议"
resolve,"v.决心;(使)分解,溶解;决议 n.解决;决心"
resort,"v.凭借,求助,诉诸n.度假胜地,常去之处,手段"
resource,"n.(pl.)资源,财力;办法,智谋;应变之才"
respect,"n./v.尊敬,尊重 n.敬意,问候,关系,方面"
respective,"a.各自的,各个的"
respond,"v.回答,响应,作出反应"
response,"n.回答,响应,反应"
responsibility,"n.责任,责任心;职责,任务"
responsible,"a.(for,to)应负责的;可靠的;责任重大的"
rest,n.休息；剩余部分 v.休息；睡；放，靠，搁
restaurant,"n.餐馆,饭店"
restless,a.得不到休息的;不平静的;坐立不安的
restore,"v.恢复,使回复;归还,交还;修复,重建"
restrain,"v.(from)抑制,制止"
restraint,"n.抑制,制止"
restrict,"v.限制,约束"
result,"n.结果,成绩 v.结果,致使,导致,由…而造成"
resultant,a.作为结果而发生的;合成的
resume,"n.个人简历 v.再继续,重新开始;再用;恢复"
retail,n.零售
retain,"v.保持,保留"
retention,"n.保留,保持,保持力,记忆力"
retire,"v.退休,引退;退却,撤退;就寝"
retort,"n./v.报复,反击,反驳"
retreat,"v.撤退,退却"
retrieve,vt.重新得到，取回；挽回，补救；检索
retrospect,v./n.回顾，回想，追溯[反]foresee
return,"v./n.返回,回来;归还,送还;回答"
reveal,"v.展现,显示,揭示,揭露,告诉,泄露"
revelation,"n.揭示,揭露,显示,启示,新发现,被揭露的事"
revenge,"n.报复,复仇 v.替…报仇"
revenue,"n.财政收入,税收"
reverse,"n.相反;背面 a.相反的 v.颠倒,倒转"
review,"v.回顾,复习 n.回顾,复习;评论"
revise,"v.修订,校订;修正,修改"
revive,v.恢复;(使)复苏
revolt,"v./n.反抗,起义"
revolution,"n.革命;旋转,转数"
revolutionary,"a.革命的,革新的 n.革命者"
revolve,"v.(使)旋转;考虑;【天】公转,循环"
reward,"n.(for)报酬,赏金 v.(for)酬劳;酬谢"
rhythm,"n.节奏,韵律"
rib,"n.肋骨,肋状物"
ribbon,"n.缎带,丝带,带,带状物"
rice,"n.稻,米"
rich,"a.富的,有钱的;富饶的;(in)充足的,丰富的"
rid,"v.(of)使摆脱,使去掉"
riddle,"n.谜,谜语"
ride,"v./n.骑,乘"
ridge,"n.岭,山脉;屋脊;鼻梁"
ridiculous,"a.荒谬的,可笑的"
rifle,n.步枪
right,"a.右的,正确的 n.右,权利ad.在右边,正确地"
rigid,a.刚性的;刻板的;严厉的
rigorous,"a.严格的,严厉的,严酷的,严密的,严谨的"
rim,"n.(圆物的)边,边缘;(眼镜)框"
ring,"n.戒指;环;铃声;(打)电话 v.按(铃),敲(钟)"
riot,"n.暴(骚)乱,蔓延,彩色缤纷 v.骚乱,暴动"
rip,"v.撕,剥,劈,锯,裂开,撕裂 n.裂口,裂缝"
ripe,"a.熟的,成熟的;(for)时机成熟的"
rise,"v.升起;起立;上涨;起义 n.上涨,增高;起源"
risk,v.冒…的危险 n.冒险;风险
ritual,"a.宗教仪式的,典礼的 n.(宗教)仪式,典礼"
rival,"n.竞争者,对手 v.竞争,对抗 a.竞争的"
river,n.河流
road,"n.路,道路,途径"
roar,"n./v.吼叫,怒号;轰鸣,咆哮"
roast,"v.烤,炙,烘"
rob,"v.(of)抢劫,盗取;非法剥夺"
robe,"n.长袍,上衣"
robot,"n.机器人,自动机械"
robust,"a.强健的,雄壮的,精力充沛的,坚固的,浓的"
rock,"n.岩石,石块 v.摇,摇动"
rocket,n.火箭
rod,"n.杆,棒"
role,"n.角色,作用,任务,职责"
roll,"v.滚动;使摇摆;卷,卷起 n.卷,卷形物;名单"
romance,"n.传奇,爱情故事"
romantic,"a.浪漫的,传奇式的;不切实际的,好幻想的"
roof,"n.屋顶,顶"
room,n.房间，室，空间，地方；余地
root,"n.根,根部;根本,根源 v.(使)生根,(使)扎根"
rope,"n.绳,索"
rose,"n.玫瑰,蔷薇"
rot,"v.(使)腐烂,(使)腐败,腐朽"
rotary,a.旋转的
rotate,v.(使)旋转
rotten,"a.腐烂的,腐朽的"
rough,"a.粗糙的;粗略的,大致的;粗野的,粗暴的"
round,a.圆的prep.围绕ad.在周围v.绕行n.(一)回合
roundabout,"a.迂回的,转弯抹角的 n.环状交叉路口"
rouse,vt./vi.唤醒，唤起；激励；激起
route,"n.路线,路程"
routine,"n.例行公事,常规 a.常规的,例行的"
row,n.(一)排，(一)行；吵嚷 v.划(船等)，荡桨
royal,"a.王室的,皇家的;第一流的,高贵的"
royalty,"n.皇家,皇族"
rub,"v.擦,摩擦"
rubber,"n.橡皮,橡胶;橡胶制品,胶鞋"
rubbish,"n.垃圾,废物;废话"
ruby,n.红宝石
rude,"a.粗鲁的;猛烈的,残暴的;粗糙的,粗陋的"
rug,n.(小)地毯;围毯
ruin,"v.毁灭;(使)破产 n.毁灭,崩溃;(pl.)废墟"
rule,"v.统治;支配;裁定n.规章,条例;习惯;统治"
ruler,"n.统治者,支配者;尺,直尺"
rumor,"n.(rumour)传闻,谣言"
run,v.奔，跑；流，淌；蔓延，伸展；经营；运转
rural,"a.乡下的,田园的,乡村风味的"
rush,"v.(使)冲;奔n.冲,急速行进 a.(交通)繁忙的"
rust,n.铁锈 v.(使)生锈
ruthless,"a.残酷的,无情的"
sack,"n.袋,包,麻袋 v.解雇"
sacred,a.神圣的;宗教的;庄严的
sacrifice,"n.牺牲,牺牲品;祭品 v.(for,to)牺牲,献出"
sad,"a.悲哀的,忧愁的"
saddle,"n.鞍,马鞍,鞍状物"
safe,"a.安全的,牢靠的;谨慎的,可靠的 n.保险箱"
safeguard,"v.维护,保护,捍卫 n.安全装置,安全措施"
safety,"n.安全,保险;安全设备,保险装置"
sail,"n.帆,航行 v.航行"
sailor,"n.水手,海员"
saint,"n.圣人,基督教徒;(S-或St.用于人,地名前)圣"
sake,"n.缘故,理由"
salad,"n.色拉,凉拌菜"
salary,"n.薪金,薪水"
sale,"n.出售,上市;贱卖,廉价出售;销售额"
salesman,"n.售货员,推销员"
salt,"n.盐,盐,类 v.腌,盐渍"
salute,"v./n.敬礼,鸣礼炮;迎接,欢迎"
salvation,"n.拯救,救助;救济(者,品),救助工具;救世主"
same,a.相同的 pron.相同的人(或物) ad.同样地
sample,"n.样品,实例,标本,抽样检查 v.取样,采样"
sanction,"n./v.批准,同意,支持,认可 n.处罚,制裁"
sand,"n.沙;(pl.)沙滩,沙地"
sandwich,"n.三明治,夹肉面包 v.夹入,挤进"
sane,"a.心智健全的,神志清醒的,明智的,稳健的"
sarcastic,a.讽刺的
satellite,"n.卫星,人造卫星;附属物"
satire,"n.讽刺,讽刺文学,讽刺作品"
satisfaction,"n.满足,满意;乐事,愉快"
satisfactory,"a.令人满意的,圆满的,良好的,符合要求的"
satisfy,"v.满意,使满意,使相信,说服"
saturate,vt.使湿透，浸透；使充满，使饱和
Saturday,n.星期六
sauce,"n.酱汁,调味汁"
saucer,"n.茶托,碟子"
sausage,"n.香肠,腊肠"
savage,"a.野蛮的;凶恶的,残暴的 n.野人,未开化的人"
save,"v.救,拯救;储蓄,贮存;节省"
saving,"n.挽救,救助,节约,储蓄;(pl.)储蓄金,存款"
saw,"n.锯子,锯床 v.锯,锯开"
say,vt.说，讲；说明；比如说 vi.说，发表意见
scale,"n.刻度;天平,磅秤;比例尺;规模;音阶;鱼鳞"
scan,"v.细看,审视;浏览;扫描 n.扫描"
scandal,"n.丑闻,诽谤,耻辱,流言蜚语,反感,公愤"
scar,"n.疤,疤痕;创伤 v.使留下伤痕,创伤"
scarce,"a.缺乏的,不足的;稀少的,罕见的"
scarcely,"ad.几乎不,简直没有,勉强"
scare,"n.惊恐,恐慌v.惊吓,受惊"
scarf,"n.围巾,头巾,领巾,领带"
scatter,"v.散开,驱散;散布,散播"
scene,"n.景色,景象,舞台;(戏)一场"
scenery,"n.风景,舞台布景"
scent,"n.气味,香味,香水,线索,嗅觉 v.嗅,发觉"
schedule,"n.时间表,进度表 v.安排,预定"
scheme,"n.计划,方案;阴谋;配置 v.计划,策划;阴谋"
scholar,n.学者
scholarship,"n.奖学金;学问,学识"
school,n.学校，(大学里的)学院；上学，学业；学派
science,n.科学;学科
scientific,a.科学上的
scientist,n.科学家
scissors,n.剪子
scold,"v.责骂,训斥"
scope,"n.(活动)范围;机会,余地"
score,"n.得分,分数;二十 v.得(分),记(…的)分数"
scorn,"v./n.轻蔑,藐视"
scout,"n.侦察员,侦察机(舰) v.搜索,侦察"
scramble,vi.(快速地)爬，攀登；互相争夺，争先
scrap,"n.碎片;废料 v.废弃,报废"
scrape,"v.刮(掉),擦过,勉强通过 n.刮,擦痕,刮擦声"
scratch,"v.抓,搔,扒 n.抓,搔,抓痕;起跑线"
scream,"v./n.尖声叫,喊叫着说出,(风)呼啸"
screen,"n.屏幕,屏风;帘 v.掩蔽,包庇;筛选"
screw,"n.螺旋,螺丝(钉) v.拧,拧紧"
script,n.剧本(原稿)；手稿，原稿；笔迹，手迹
scrutiny,n.周密的调查；仔细看；监视；选票复查
sculpture,n.雕刻(术)，雕塑(术)；雕刻作品
sea,n.海，海洋，大量
seal,"n.封铅,封条;印,图章;海豹 v.封,密封"
seam,"n.缝,接缝"
search,"v./n.(for)搜索,寻找,探查"
seaside,"n.海滨,海边"
season,"n.季,季节,时节"
seat,"n.座位,底座;所在地,场所 v.使坐下"
second,"a.第二;次等的,二等的 n.秒 v.赞成,附和"
secondary,"a.次要的,二级的;中级的,第二的"
secret,"a.秘密的,机密的 n.秘密"
secretary,"n.秘书,书记;部长,大臣"
section,"n.章节,部分;地区,部门,科;截面,剖面"
sector,n.部门，部分；防御地段，防区；扇形
secure,"a.(from,against)安全的,放心的v.得到;防护"
security,"n.安全(感),防御(物),保证(人),(pl.)证券"
see,vt.看见；会面；探望；知道，获悉；送行
seed,"n.种子 v.播种;结实,结籽"
seek,"v.(after,for)寻找,探索;试图,企图"
seem,"v.好像,似乎"
seemingly,ad.外观上，表面上
