英文单词,中文意思,难度
abandon,vt.离弃，丢弃；遗弃，抛弃；放弃,
abdomen,n.腹，下腹(胸部到腿部的部分)   （同）belly,△
abide,vi.(abode，abided)(by)遵守；坚持,
ability,n.能力；本领；才能，才干；专门技能，天资,
abnormal,a.反常的，不正常的，不规则的,
aboard,ad.& prep.在船(飞机、车)上；ad.上船(飞机),△
abolish     ,vt.废除(法律、习惯等)；取消,
abound,vi.大量存在；(in，with)充满，富于,△
abroad,ad.到国外，在国外；在传播，在流传,
abrupt,a.突然的，出其不意的；(行为等)粗鲁无礼的,▲
absence,n.缺乏，不存在；缺席，不在；缺席的时间,
absorb,vt.吸收(水、光、蒸汽等）；使全神贯注,
abstract,a.抽象的 n.摘要，梗概 vt.提取；摘录要点,
absurd,a.荒谬的，荒诞的，荒唐可笑的；不合理的,▲
abundance   ,n.丰富，充裕，大量,△
abundant,a.大量(充足)的；(in)丰富(富裕)的,△
abuse,vt.滥用；辱骂；诋毁 n.滥用；恶习；弊端,▲
academic,a.学院的，大学的；学术性的；理论的,
academy,n.(高等)专科院校；学术社团，协会，研究院,
accelerate,v.使加速，使增速，促进 vi.加快，增加,
accent,"n.口音,腔调；重音(符号)vt.重读",
access,n.进入；接入；到达；享用权；入口 vi.存取,
accessory    ,"n.附件,附属品;(为全套衣服增加美感的)服饰",△
accident,"n.意外遭遇,事故；意外(因素)",
acclaim,v.向…欢呼，公认 n.欢呼，喝彩，称赞,▲
accommodate,vt.向…提供住处；对...予以照顾性考虑,
accommodation,n.(accommodations)住宿，留宿；膳宿供应,
accompany,v.陪伴，陪同；伴随，和...一起发生，伴奏,
accomplish,v.实现(计划等)；达到(目的)；完成(任务),
accord,vt.给予(欢迎、称颂等) vi.&n.符合，一致,△
accordance,n.一致，和谐，符合,
accordingly,ad.相应地，照着办，按照；于是，因此,▲
account,a.叙述，说明；账目，账户；vi.说明，解释,
accountant,n.会计人员，会计师,
accumulate,vt.堆积，积累，积聚vi.累积，聚积,
accuracy,n.准确（性）；精确；准确度,
accurate,a.正确无误的；准确的，精确的,
accuse,vt.控告，指责 vi.指控，指责,
accustomed,a.惯常的；习惯的，适应的(一般作表语),
acid,"n.酸,酸性物质a.酸的,酸味的；尖刻的",
acknowledge,vt.承认；接受；告知(信件等的)收到；答谢,
acquaint,vt.(with)使认识，使了解，使熟悉,△
acquaintance,n.认识，相识，了解；相识的人，熟人,
acquire,v.获得；学到(知识等)；养成(习惯),
acquisition ,n.取得，学到，养成(习惯)；获得的东西,
acrobat,n.特技演员，杂技演员,▲
activate,vt.启动，激活；驱动，驱使；使开始起作用,
activity,n.活动；活力；能动性；,
acute,a.剧烈的；敏锐的；成锐角的；尖的，高音的,
adapt,vt.使适应，使适合；改编；改写 vi.适应,△
addict,v.使沉溺；使上瘾 n.沉溺于不良嗜好的人,▲
addition,n.加，加法；附加部分，增加(物),
additional,a.额外的，附加的，另外的,
adequate,adj.充足的，足够的；适当的，胜任的,△
adhere,vi.(to)粘着；坚持，遵守；依附，追随,
adjacent,a.(to)(时间上)紧接着的；邻近的，毗邻的,△
adjoin,v.临近，靠近；贴近，毗连,△
adjust,vt.调节；整顿，调整 vi.适应(to)；使调节,
administer   ,v.施行，实施；掌管，料理...的事务；给予,
administration ,n.经营，管理；行政，行政机关，管理部门,
admission   ,n.允许进入；承认；入场费，入会费，入场券,
adolescent  ,n.青少年  a.青春期的，青少年的,
adopt,vt.采用，采取(态度等)；选定；收养,△
adore,"vt.崇拜,敬慕,爱慕；非常喜欢",△
adult,n.成年人 a.成年的，充分长成的，成熟的,
advent,n.(重要事件等的)到来，来临,▲
adverse,a.逆的，相反的；敌对的；不利的；有害的,
advertise,vt.公告，公布；为...做广告 vi.登广告,
advisable,a.可取的，适当的，明智的 ,△
advocate,n.辩护者，拥护者，鼓吹者 vt.拥护，提倡,
aerial,a.(在或来自)空中的，航空的 n.天线,
aesthetic,a.(esthetic)美学的，艺术的；审美的,
affection,n.爱，喜爱；爱慕之情；感情；疾病，不适,△
affiliate,v.使隶属(或附属)于 n.附属机构，分公司,▲
affirm,"vt.断言，坚持声称；肯定；证实,确认；",
affluent,a.富裕的，富有的，丰富的，富饶的；n.支流,▲
agency    ,n.代理(处)；代办处；,
agenda,n.议事日程，记事册,
agent,n.代理人；代理商；产生作用的人或事物,
aggravate,"vt.加重(剧),使恶化；激怒,使恼火",▲
aggressive  ,a.侵略的，好斗的，有进取心的，敢作敢为的,
agitate,v.摇动(液体)；使焦虑不安；困扰；鼓动,▲
agony,n.(精神或肉体的)极大痛苦，创伤,▲
agreeable,a.符合的；一致的；欣然同意的；令人愉快的,
aid,n.援助，救护；助手，辅助物 vi.援助，救援,
aircraft,n.飞机，飞船，飞行器,
airline,n.(飞机)航线  a.(飞机)航线的,
aisle,n.(教堂、教室、戏院等里的)过道，通道,▲
album,"n.(同一表演者的)集锦密纹唱片;集邮册,相册",
alcohol,n.酒精，乙醇；含酒精的饮料,
alert,a.机警的，警觉的；机灵的 vt.使…警觉,△
alien,n.外侨，外国人；外星人 a.外国的；相异的,▲
alike,a.同样的，相像的ad.一样地；同程度地,
allege,v.断言，宣称；指控,▲
alleviate,v.减轻，缓和，缓解(痛苦等),▲
alliance,n.同盟，同盟国；结盟，联姻,
allocate,v.分配，分派；拨给；划归,▲
allowance,n.补贴，津贴；零用钱；减价，折扣；允许,
alloy,n.合金  vt.将…铸成合金,▲
ally,n.同盟者，同盟国，vt.使结盟；与…有关联,△
alongside,ad.在旁边 prep.和...在一起；在...旁边,
alphabet,n.字母表；初步，入门,
alter,vt.改变，更改；改做(衣服) vi.改变，变化,▲
alternate,a.交替的，轮流的 v.(使)交替，(使)轮流,▲
alternative,n.二选一；供选择的东西；取舍 a.二选一的,△
altitude,n.高度，海拔；,
aluminum,n.(aluminium)铝,
amateur,a.&n.业余(水平)的(运动员、艺术家等),
ambassador,n.大使；特使，(派驻国际组织的)代表,△
ambiguous,a.引起歧义的，模棱两可的，含糊不清的,▲
ambition,n.对(成功、权力等)的强烈欲望，野心；雄心,
ambitious,a.有抱负的，雄心勃勃的；有野心的,
ambulance,n.救护车，救护船，救护飞机,
amend,vt.修改，修订，改进,▲
amiable,a.和蔼可亲的，友善的，亲切的,▲
amid,prep.在…中间，在…之中，被…围绕,▲
amount,"n.总数，数量；数额 v.共计；等同,接近(to)",
ample,a.充分的，富裕的；宽敞的，宽大的,▲
amplifier,n.放大器，扩大器,
amplify,vt.放大，增强；详述，详加解说,
amuse,vt.向…提供娱乐，使…消遣；引人发笑,
analogue,n.类似物；相似体；模拟,△
analogy,n.类似，相似，类比，类推,△
analyse,vt.（analyze）分析，分解,
analysis,n.(pl.analyses)分析；分解,
analytic ,a.(analytical)分析的；分解的,
ancestor,n.祖宗，祖先；原型，先驱,
anchor,n./v.锚；危难时可依靠的人或物；用锚泊船,▲
ancient,a.古代的，古老的，古式的,
anecdote,n.轶事，趣闻，短故事,▲
angle,n.角，角度 v.钓鱼；(采用各种方法）取得,
angry,a.生气的，愤怒的；(天气)风雨交加的,
anguish,n.(尤指心灵上的)极度痛苦，烦恼,▲
ankle,n.足踝，踝关节,△
anniversary,n.周年，周年纪念日,
annoy,vt.使恼怒，使生气；打扰  vi.招人讨厌,▲
annual,a.每年的，一年生的 n.年刊；一年生植物,
anonymous,a.匿名的，无名的，姓氏不明的,▲
antenna,n.(无线电或电视的)天线,
anticipate,vt.预料；期望；预先考虑；抢先；提前使用,
antique,a.古式的，过时的　n.有价值的古物，古董,▲
anxiety,n.挂念，焦虑，焦急，忧虑；渴望，热望,
apart,ad.分离，离开，隔开 a.分离的，分隔的,
apartment ,n.房间，公寓住宅,
appal,v.使惊骇，使恐怖,▲
apparatus,n.器械，器具，仪器；机构，组织,
apparent,"a.表面上的,貌似真实的；显然的,明明白白的",△
appeal,vi.呼吁，恳求；申诉 n.呼吁；申诉；吸引力,▲
appearance,n.出现，露面；外表；(在会议等)作短暂露面,
appendix,n.附录，附属物；阑尾，盲肠,
appetite,n.食欲，胃口；欲望，性欲；爱好，趣味,△
applaud,vt.鼓掌欢迎；赞同 vi.鼓掌欢迎，欢呼,▲
applause,n.鼓掌；喝彩；夸奖，赞扬,△
appliance,n.电器；器械，装置；应用，适用,
applicable,"a.可应用(实施)的；适当的,合适的",
application,n.申请，请求，申请书；应用，实施，实用性,
apply,vi.(以书面形式)申请；请求 vt.应用；实施,
appoint,vt.任命，委派；指定，约定(时间、地点等),△
appointment,"n.约会,约定；任命,委派;委任的职位",
appraisal,n.对...作出的评价；评价，鉴定，评估,▲
appreciate,vt.为...表示感激，感谢；欣赏，赏识，评价,
approach,"v.靠近，接近n.接近；途径，入门;方式,方法",
appropriate,"a.适当的,恰当的,特有的 vt.拨给,挪用,盗用",△
approval,n.批准，通过；赞成，同意,△
approve,v.(of)赞成，赞许，同意；批准，审议，通过,
approximate,a.近似的 vi.(to)接近,▲
apt,a.恰当的，适当的；易于…的，有…倾向的,
arbitrary,a.任意的，任性的，主观的；专断的，武断的,▲
arch,n.拱门，桥拱洞 v.拱起，(使)变成弓形,△
architect,n.建筑师；设计师；缔造者；创造者,
architecture,n.建筑，建筑学；建筑式样或风格，建筑物,
argue,vi.辩论，争论 vt.辩论，论证；说服，劝说,
argument,n.争论(吵)，辩论；理由;论证,
arithmetic,n.算术，四则运算,△
arouse,vt.唤醒，叫醒；唤起，激起,
arrange,v.安排，筹划；整理，使有条理，排列，布置,
array,n.大量；排列；盛装 v.列阵；装扮；排列,
arrest,n.逮捕，扣留 vt.逮捕，扣留；阻止；吸引,
arrogant,a.傲慢的，自大的,▲
arrow,n.箭，矢，箭状物；箭头符号,
artery,n.动脉；干线，要道,△
articulate,a.善于表达的；有关节相连的 v.清楚地讲话,▲
artificial,a.人工的，人造的，人为的；虚伪的，做作的,
artistic,a.艺术(家)的，美术(家)的；善于艺术创作的,
ascend,vi.渐渐上升，升高vt.攀登，登上,△
ascertain,vt.确定，查明，弄清,
ashamed,a.惭愧的，羞耻的，害臊的,
ashore,ad.上岸；在岸上，向岸上,
aspect,"n.样子, 外表, 面貌, (问题等的)方面",△
aspire,vi.(to，after)渴望，追求，有志于,▲
assassinate,vt.暗杀，行刺；中伤,▲
assault,v.猛烈地攻击，袭击 n.突然而猛烈的攻击,▲
assemble,vt.集合，召集；装配；收集 vi.集合，聚集,
assembly,n.集合；会议；装配；(美)洲议会的众议院,
assert,"vt.断言,宣称；坚持；主张（权利、权威等）",▲
assess,vt.(为征税)评估(财产、收入)；征税；评价,▲
asset,"n.(pl.)资产,财产；有价值的物品；天赋",▲
assign,vt.派给，分配；选定，指定(时间、地点等),△
assignment,n.分配，指派；(指定的)作业，(分派的)任务,
assimilate,vt.吸收，消化；使同化 vi.被吸收；被同化,▲
assist,vt.协助，帮助，促进 vi.帮忙，参加,
assistance,n.协作; 援助; 帮助,
assistant,a.帮助的，辅助的 n.助手，助教；辅助物,
associate,vt.联想；交往；联合；n.伙伴；a.联合的,
association,n.联盟，协会，社团；交往，联合；联想,△
assume,vt.假装；假定，设想；承担；呈现，采取,
assumption,n.假定，设想；采取；承担；推测；假装,
assurance,"n.保证,担保；确信,断言；信心,信念",
assure,vt.使确信，使放心(of)；向…保证,△
astonish,vt.使惊讶，使吃惊,
astronaut,n.太空人，太空旅行者,
astronomy,n. 天文学,
athlete,n.运动员，体育家，身强力壮的人,△
atmosphere,n.大气(层)；空气；气氛，环境；大气压,
atom,n.原子；微粒，微量,
attach,v.系，贴，装，连接；使成为一部分；使依恋,
attain,vt.达到；完成；获得 vi.达到,
attempt,vt.企图，试图 n.努力，尝试，企图,
attendance,n.出席；出席人数；护理，照料,
attendant,n.陪从；出席人；服务员 a.出席的；伴随的,△
attitude,"n.态度，看法(to, toward, about)；姿势",
attorney,n.(业务或法律事务上的)代理人；辩护律师,
attract,"vt.引起的注意(或兴趣等),吸引；引起；激起",
attractive,a.吸引人的，引人注意的；漂亮的，迷人的,
attribute,"v.(to)归因于,归属于 n.属性,品质,特征",△
auction,n.／vt.拍卖,▲
audio,n./a.音频(响)(的)；声音(的)，听觉(的),
audit,v.审计；查帐；核对；旁听,▲
auditorium,n.观众席，听众席；会堂，礼堂,▲
augment,vt.(使)增大，增加，增长，扩张,▲
aural,a.听觉的，听力的,△
authentic,a.真的，真正的；可靠的，可信的，有根据的,▲
authority,n.权力，权威；权威人士；(pl.)官方，当局,
auto,n.(automobile)(口语)汽车,
automatic,a.自动(装置)的；无意识的；n.自动机械,
automation,n.自动，自动化，自动操作,
autonomy,n.自治，自治权；   【a.】autonomous,▲
auxiliary,a.辅助的，支援的 n.辅助者，辅助设备,
avail,v.有用，有利于；n.作用,△
available,a.(用于物)可利用的；可见到的，接受采访的,
avenue,n.林荫路，大街；(比喻)途径，渠道，方法,△
average,"n.平均,平均数 a.平均的；普通的 v.平均",
avert,v.防止，避免 ；转移(目光、注意力等),▲
aviation,n.航空，航空学；飞机制造业,
avoid,vt.防止，避免；逃避，避开,
await,vt.等候，期待；(事情等)降临于,
award,"vt.授予,给予；判定 n.奖,奖金；仲裁",▲
aware,a.知道的，意识到的；,
awe,n.敬畏，惊惧vt.使敬畏，使惊惧,▲
awful,a.极度的，极坏的；威严的，可怕的,△
awkward,a.笨拙的；尴尬的；使用不便的；难处理的,▲
axe,n.（ax）斧子；削减 vt.用斧砍,
axis,n.轴，轴线，中心线；坐标轴，基准线,
bachelor,n.单身汉;(亦作B-)学士(学位),
background,"n.背景,经历；幕后",
backward,"a.向后的,倒行的;迟钝的 ad.向后,朝反方向",
bacon,"n.咸猪肉,熏猪肉",△
bacterium,n.(pl.)bacteria 细菌,
badge,"n.徽章,像章；标记；象征；记号",
badminton   ,n.羽毛球,△
baggage,n.行李,
bait,n.饵，引诱物 vt.用饵引诱；折磨，奚落,△
balcony,n.阳台；(电影院等的)楼厅，楼座,△
bald,"a.秃的,秃头的",▲
ballet,n.芭蕾舞，芭蕾舞剧；芭蕾舞团,
balloon,"n.气球,飞船；a.气球状的 v.乘坐气球；膨胀",
ballot,n.(不记名)投票；投票总数；投票权 vi.投票,▲
ban,"v.取缔,查禁;(from)禁止 n.禁止,禁令",△
band,"n.条,带;乐队;波段;一群,一伙 v.缚,绑扎",
bandage,n.绷带 v.用绷带扎缚,
bang,"n.砰砰的声音;猛击 v.砰地关上,猛撞,猛击",△
bankrupt,a.破产的；彻底缺乏的 vt.使破产n.破产者,
banner,n.旗(帜),▲
banquet,n.(正式的)宴会 vi.参加宴会 vt.宴情,△
bar,"n.条,杆,闩;酒吧;栅,障碍(物) v.闩上,阻拦",
barbecue,n.烤肉；烤肉用的台架 vt.炙烤(肉等) ,▲
barber,n.理发师,▲
bare,"a.赤裸的,空的;稀少的,仅有的 v.露出,暴露",
barely,"ad.赤裸裸地,无遮蔽地;仅仅,勉强,几乎没有",
bargain,"n.廉价货;交易,契约,合同 v.议价,成交",▲
bark,vi.(狗等)吠，叫n.吠声，叫声；树皮,
barn,"n.谷仓,仓库",▲
barrel,"n.桶;枪管,炮管",△
barren,a.贫瘠的；不育的；(植物)不结果的；无用的,△
barrier,"n.栅栏,屏障;障碍(物)",△
basement,"n.建筑物的底部,地下室,地窖",
basis,"n.基础,根据",
bat,"n.球拍,球棒,短棒;蝙蝠",
batch,"n.一批,一组,一群",▲
battery,n.电池(组)；(器具等的)一组，一套；炮兵连,
bay,"n.海湾,(港)湾",△
beam,"n.(横)梁,桁条;(光线的)束,柱 v.微笑",▲
bean,"n.豆;菜豆,蚕豆",▲
bearing,n.轴承；忍受；关系，影响；举止；方向,
beast,"n.兽,牲畜;凶残的人,举止粗鲁的人",
beforehand  ,"ad.预先,事先",△
behalf,n.利益,▲
behave,"v.举止,举动,表现;运转,开动",
behavior,"n.(behaviour)行为,举止；(机器等)运转情况",
being,"n.生物，生命,存在；",
belief,n.信任，相信，信念；信仰，信条,
belly,n.肚子，腹部；(像肚子一样)鼓起的部分，膛,▲
beloved,"a./n.受爱戴的,敬爱的;爱人,被心爱的人",△
beneath,"prep.在…下边,在…之下 ad.在下方",△
beneficial,"a.(to)有利的,有益的；有使用权的s",△
benefit,"n.利益,好处,恩惠 v.有益于;(from,by)受益",
benign,"a.(病)良性的,(气候)良好的,仁慈的,和蔼的",△
betray,"v.背叛,出卖;暴露,流露,泄露",
beverage,n.(水，酒等之外的)饮料,▲
beware,"v.当心,谨防",
bewilder,"v.使迷惑,难住",△
bias,"n./v.(使有)偏见,偏心,偏袒",▲
Bible,n.圣经,
bibliography,n.(有关某一专题的)书目；参考书目,△
bid,"v.祝愿;命令,吩咐;报价,投标 n.出众,投标",
bin,n.(贮藏食物等用的)箱子,▲
bind,"v.捆,绑,包括,束缚",
biography  ,n.传记；传记文学,△
bizarre,adj.异乎寻常的，稀奇古怪的,▲
blackmail,n.讹诈，敲诈，勒索；胁迫，恫吓  ,△
blade,n.刀刃，刀片；桨叶；草叶，叶片,
blank,"a.空白的,空着的;失色的 n.空白;表格",
blanket,n.毯子(可数)；厚厚一层(可数) vt.铺上一层,△
blast,n.一阵(风);爆炸冲击波;管乐器声 v.爆炸,△
blaze,"n.火焰;火光;闪光,光辉  v.燃烧,冒火焰",△
bleak,"a.荒凉的;冷酷的;没有希望的;寒冷的,阴冷的",▲
bleed,"v.出血,流血",
blend,"n.混合(物) v.混和,混杂",▲
block,"n.大块木（石）料;街区;障碍物 v.阻塞,拦阻",
bloody,"a.流血的,血腥的",
bloom,n.花(朵);开花(期) v.开花,▲
blossom,n.花(簇)；花期；青春 vi.开花；展开；繁荣,▲
blouse,n.女衬衣，短上衣，宽阔的罩衫,▲
blueprint,n.蓝图，设计图，计划 vt.制成蓝图，计划,
blunder,v.(因无知等而)犯大错;踉踉跄跄地走 n.大错,▲
blunt,a.率直的;钝的 v.(使)钝;(使)迟钝,△
blur,n.模糊不清的事物；污点 vt.使模糊；玷污,▲
blush,v./n.脸红,▲
boast,"v.(of,about)自夸,夸耀 n.自夸,大话",▲
bold,"a.大胆的,勇敢的;冒失的;黑体的,粗体的",
bolt,"n.螺栓,(门,窗的)插销 v.闩(门),关窗,拴住",▲
bond,"n.结合(物),粘结(剂),联结;公债,债券,契约",▲
bonus,"n.奖金,红利",
boom,"v.迅速发展,兴旺;发出隆隆声",▲
boost,n./ vt.提升；增加；抬高（价格）；支援；,▲
boot,n.靴；(汽车后部的)行李箱；,
booth,"n.电话亭,货摊",▲
border,"n.边界,国界;边(沿) v.交界,与…接壤;接近",
bore,"v.钻(孔),挖(洞);烦扰 n.讨厌的人,麻烦事",
bosom,"n.胸,胸部; 胸怀; 内心；a.亲密的；v.怀抱, 隐匿",▲
bounce,"n./vi.(球)弹起,弹回；弹起,跳起；n.弹力",△
bound,v./n.跳(跃) a.被束缚的，一定的；n.界限,△
boundary,"n.分界线,边界",
bow,"v./n.鞠躬,点头 n.弓(形);蝴蝶结",
bowel,n.肠；［pl.］内部，深处,▲
bowling,n.保龄球运动,
boycott,"n./v.(联合)抵制,拒绝参与",▲
brace,"v.使防备;支撑;使(手,足,肩等)绷紧 n.托架",▲
bracket,n.(方)括号，墙上凸出的托架,▲
brake,"v./n.制动(器),闸,刹车",
brand,"n.商标,标记,牌子 v.使铭记;打火印,打烙印",
brandy,n.白兰地酒,
brass,"n.黄铜,铜器",▲
breach,n.违反，不履行；破裂 vt.冲破，攻破,▲
breadth,"n.宽度,幅",
breakdown,n.崩溃；衰竭；(关系、计划或讨论等的)中断,
breast,"n.胸膛,乳房",
breed,"v.(使)繁殖,生殖;产生;教养,抚养 n.品种",
breeze,n.微风；轻而易举的事 vi.来去匆匆，急速走,△
brick,n.砖块，砖；v.用砖围砌，用砖填补,
bride,n.新娘,
brief,"a.简短的,简洁的 v.简短介绍,简要汇报",
briefcase,n.手提箱，公事皮包,△
brilliant,"a.光辉的,灿烂的;卓越的,有才华的",
brim,"n.边缘,帽沿",▲
brisk,a.轻快的;生气勃勃的;兴隆的,▲
brittle,a.易碎的；脆弱的；冷淡的；(声音)尖利的,▲
brochure,n.小册子,
bronze,n.青铜；青铜色，古铜色；青铜制品，铜牌,
brook,n.小溪；vt.容忍,▲
brow,n.眉(毛);额,△
browse,vi.随意翻阅，浏览；(牛、羊等)吃草，放牧,
bruise,n.青肿，挫伤；伤痕vt.打青；挫伤,▲
brutal,a.残忍的;严峻的;严酷的,
bubble,"n.泡,水泡,气泡 v.冒泡,起泡,沸腾",△
bud,"n.芽,花苞 v.发芽,含苞欲放",▲
budget,n.预算 v.做预算,
buffet,"n.自助餐, 餐具柜, 小卖部；v.& n. 殴打, 打击",▲
bug,n.臭虫;小毛病;窃听器 v.窃听,
bulb  ," n.灯泡, 鳞茎；球状物, 肿块",▲
bulk,"n.体积,容积;主体,大批,大量,大块",▲
bulletin,"n.公报,公告,告示",
bully,"n.恃强欺弱者, 小流氓；vt.威胁, 欺侮；a.好的",▲
bump,"v.(against,into)碰;颠簸着前进 n.碰撞",△
bunch,"n.(一)簇,束,捆,串",
bundle,"n.捆,包,束",▲
burden,n.担子，重担，负担 vt.给予负担或麻烦,
bureau,"n.署,局,司,处",
bureaucracy,n.官僚主义，官僚机构；(非民选的)委任官员,△
burglar,"n.(入室行窃的)盗贼, 夜贼",▲
bypass,n.(by-pass)旁道；vt.绕过,
cab,n.出租车，出租马车；驾驶室 vi.乘出租马车,▲
cabbage,"n.洋白菜,卷心菜",
cabin,"n.客舱,机舱;小(木)屋",△
cabinet,n.内阁，内阁会议；(带玻璃门存物品的)橱柜,△
cable,"n.电报;电缆;缆,索,钢丝绳 v.拍电报",
calcium,n.钙(化学符号Ca),
calculate,"v.计算,推算;计划,打算",
calorie,n.卡路里(食物所产生的热量或能量单位),△
campaign,n.战役;运动,
campus,n.(大学)校园,
cancel,"v.取消,把…作废;删去,划掉",
cancer,n.癌,
candidate  ,"n.候选人,候补者;报考者",△
cannon,"n.大炮,火炮",
canteen,"n.(工厂、办公室等)食堂或小卖部；饭盒, 水壶",▲
canvas,"n.帆布；帆布画布，(帆布)油画；v.兜揽, 游说",▲
capable,"a.有本领的,有能力的;(of)可以…的,能…的",
capacity,"n.容量,容积;能量,能力;接受力",
cape      ,n.海角，岬；披肩，短披风,▲
capitalism  ,n.资本主义,△
capsule,n.胶囊;太空舱,
captive,"n.俘虏 a.被俘虏的,被监禁的",
capture,"v./n.捕获,俘虏;夺得,攻占",
carbohydrate,n.碳水化合物; 糖类；(plural)淀粉质或糖类,△
cardinal,n.(天主教的)红衣主教 a.首要的，基本的,△
caress,vt.／n.爱抚，抚摸；接吻,▲
cargo,"n.船货,货物",▲
carpenter,"n.木工,木匠",▲
carriage,n.(四轮)马车;(火车)客车厢,
carrier,n.搬运人;载体;航空母舰,
carve,v.(雕)刻,△
cashier,"n.收银员,出纳员",
cassette,n.盒子;盒式磁带,△
cast,"v.投,扔,掷,抛；铸造；投票；n.演员表",
casual,"a.偶然的,碰巧的;临时的,非正式的",
casualty,n.伤亡人员；受害人；损失的东西；急诊室,▲
catalog,n.（catalogue）目录(册) v.编目(录),
catastrophe,n.大灾难；(悲剧)结局,△
category,n.种类，部属，类目；范畴，类型,
cater      ,"vi.(for/to)满足,迎合;(for)提供饮食及服务",△
cathedral,n.大教堂,
Catholic,a.天主教的 n.天主教徒,△
caution,n.谨慎；注意(事项)，警告vt.劝…小心,
cautious,"a.(of)小心的,谨慎的",
cease,"v./n.停止,中止",
celebrity,n.名人，名流；著名，名声，名望,▲
cell,n.细胞;小房间;蜂房;电池,
cellar,"n.地窑,地下室",
cement,"n.水泥;胶泥,胶接剂 v.胶合;巩固,加强",▲
cemetery,n.坟墓，墓地，坟场,▲
census,n.人口普查(调查),▲
centigrade,n./a.摄氏温度计(的);百分度(的),
centimetre,n.(centimeter)厘米,
cereal,n.加工而成的谷类食物；谷类植物，谷物,▲
ceremony,"n.典礼,仪式;礼节,礼仪",▲
certificate,"n.证(明)书,执照",
certify,vt.证明，证实；发证书(或执照)给,
challenge,"n.挑战(书);艰巨任务,难题 v.向…挑战",
champagne ,n.香槟酒；微黄色,△
champion,"n.冠军,得胜者;拥护者,斗士",
chancellor  ,n.(英)大臣；法官；(德、奥)总理；大学校长,▲
channel,"n.海峡,水道;信道,;路线,途径",
chaos,"n.混乱,紊乱；混沌",▲
chap,n./v.(皮肤)变粗糙；发痛；n.小伙子,▲
character,"n.性格,品质,特性;人物,角色;字符,(汉)字",
characteristic,"a.(of)特有的,独特的 n.特征,特性",
characterize,v.(characterise)表示…的特性;描述…特性,
charity,"n.慈善(团体),仁慈,施舍",▲
charm,"n.吸引力,魅力 v.迷人,(使)陶醉;施魔法于",
chart,n.图表；航海图；航行图 vt.绘图表，制图表,△
charter,"v.租船,租车,租用飞机；n.宪章，特许状",▲
chase,"v./n.追逐,追求",△
chef,n.(餐馆等的)厨师长，厨师,▲
cherish,vt.抱有，怀有(希望等)；爱护，抚育；珍爱,
cherry,n.樱桃(树),
chess,n.棋，国际象棋,
chew,v.咀嚼;思量,▲
chill,"n.寒冷,寒气,寒战 v.使寒冷",△
chin,"n.下巴,颏；不气馁，不灰心",▲
chip,"n.切屑,碎片;(土豆等的)薄片;集成电路块",
choke,"v.窒息,噎住;闷塞,堵塞,阻塞",▲
chop,"v.砍,劈,斩 n.排骨,肉块",△
chorus,"n.合唱队;合唱 v.异口同声地说,随声附和",△
chronic,"a.(疾病)慢性的;积习难改的;严重的,坏的",
circuit,"n.环行,周线,巡回;电路,线路",△
circular,"a.圆(形)的,环形的;循环的 n.传单,通报",
circulate,"v.(使)循环,(使)流通",
circumstances,"n.情况, 形势, 环境",
circus,"n.马戏团,杂技团;马戏场,杂技场",▲
cite,"v.引用,引证,举(例)",△
civil,"a.公民的,市民的;民间的;民用的;有礼貌的",
civilian,n.平民 a.平民的;民用的,
civilization,"n.(=civilisation)文明,文化",
civilize,"v.(=civilise)使文明,开化",
claim,v.要求;声称;索赔 n.要求;断言;索赔;权利,▲
clap,"v.拍手,拍,轻拍 n.拍(手),掌声,霹雳声",▲
clarify,"v.澄清,阐明",
clarity,"n.清晰,明晰",▲
clash,v./n.碰撞 n.碰撞声,
clasp,"n.扣子,钩子;握手 v.扣住,钩住;紧握,紧抱",▲
classic,"n.(pl.)杰作,名著 a.第一流的,不朽的",
classical,"a.经典的,古典(文学)的",
classification,"n.分类,分级",△
classify,"v.分类,分等(级)",
clause,"n.(正式文件或法律文件的)条款;从句,分句",▲
claw,"n.爪,脚爪",▲
clay,"n.粘土,泥土；肉体，人体",▲
clergy,n.牧师，神职人员,▲
click,n.滴答声；vi.发出滴答声,
client,n.律师等的当事人，委托人；商店的顾客,
cliff,n.悬崖;峭壁,▲
climate,"n.气候;风气,社会思潮",
climax,"n.顶点,高潮",
cling,v.(to)粘住;依附;坚持,▲
clip,"v.剪,修剪;钳,夹住 n.夹,钳;回形针",△
cloak,n.斗蓬，披风；掩饰，幌子vt.掩盖，掩饰,▲
clockwise,a.顺时针方向,
clone,n.无性繁殖，克隆；复制品v.克隆,
closet,n.(壁)橱a.私下的vt.把…引进密室会谈,△
clue,"n.线索,暗示",▲
clumsy,"a.笨拙的,愚笨的",▲
cluster,"n.丛,群,串 v.群集,丛生",▲
clutch,"v.抓住,攫住,掌握 n.离合器",△
coach,n.长途公共汽车；教练 vt.训练，指导，培训,
coalition,n.结合体，同盟；结合，联合,▲
coarse,"a.粗糙的,粗劣的;粗鲁的,粗俗的",▲
cocaine,n.可卡因，古柯碱（用作局部麻醉剂）,△
code,"n.代码,代号,密码;法典,法规,规划",
cognitive,a.认知的，认识能力的,▲
coherent ,"a.粘着的,粘附的",△
cohesive,a.粘合性的，有结合力的,▲
coil,"v.卷,盘绕 n.(一)卷,(一)圈;线圈,绕组",▲
coincide,vi.同时发生；巧合；一致；相符；,
coincidence,n.巧合；同时发生，共同存在；符合，一致,
coke,n.焦炭；可口可乐（COCA-COLA）的缩写,
collaborate,vi.协作，合作；(与敌人)勾结,▲
collapse,v./n.倒塌；崩溃；(价格)暴跌；倒闭，破产,△
colleague,"n.同事,同僚",△
collection,"n.收藏(品),收集(物)",
collective,"n.集体 a.集体的,共同的",▲
collide,vi.互撞，碰撞；冲突，抵触,
collision,n.碰撞；(利益，意见等的)冲突，抵触,
colonel,n.(陆军)上校,△
colonial,a.殖民地的，关于殖民的 n.殖民地居民,△
colony,n.殖民地；侨民；聚居区；(动植物的)群体,△
column,"n.圆柱,柱状物;列;(报刊中的)专栏",
combat,"v./n.战斗,搏斗,格斗",
combination,n.结合，联合；化合；团体；组合数码,
combine,v.联合；结合；化合 n.集团；联合企业,
comedy,n.喜剧;喜剧性事件,
comic,a.喜剧的，滑稽的n.连环漫画杂志；喜剧演员,▲
command,n./v.命令，指挥，控制 n.掌握，运用能力,
commemorate,vt.纪念，庆祝,▲
commence,vt.开始；vi.获得学位,△
commend,v.称赞，表扬：委托保管；推荐,▲
comment,"n.注释,评论,意见 v.(on)注释,评论",▲
commerce,n.商业，贸易；交际，交往,△
commercial,a.商业的；商务的；可获利的 n.广告节目,
commission,"n.委员会;委任,委托(书),代办;佣金,手续费",△
commit,"v.把…交托给,提交;犯(错误),干(坏事)",△
committee,"n.委员会,全体委员",▲
commodity,n.(pl.)日用品；商品；农/矿产品；有用之物,▲
commonplace,a.普通的，平庸的n.寻常的事物，平庸的东西,△
commonwealth,"n.共和国,联邦,共同体",▲
communicate,"v.传达,传送;交流;通讯,通话",
communication,"n.通讯,传达;(pl.)通讯系统;交通(工具)",
community,"n.同一地区的全体居民,社会,社区;共同体",△
compact,"a.紧密的,结实的;简明的 v.使紧凑,压缩",△
comparable,"a.(with,to)可比较的,比得上的",
comparative,"a.比较的,相当的",
comparison,"n.比较,对比,比喻,比拟",△
compartment,"n.卧车包房,(客车车厢内的)隔间;分隔的空间",▲
compass,"n.罗盘,指南针;范围;(pl.)圆规；v.包围, 获得",▲
compassion,n.同情；怜悯(for),▲
compatible,"a.能和睦相处的,合得来的;兼容的",▲
compel,"v.强迫,迫使",▲
compensate,"v.(for)补偿,赔偿",
compensation,n.补偿(或赔偿)的款物；补偿，赔偿,
competent,a.有能力的，能胜任的；足够的,▲
compile,vt.编辑，编制，搜集,▲
complain,"v.(about,of)抱怨;申诉",
complaint,n.抱怨，诉苦，怨言，控告；疾病,△
complement,n.补足物，船上的定员；补语 vt.补充，补足,▲
complementary ,a.补充的，辅助的,▲
complex,"a.复杂的;合成的,综合的 n.联合体",△
complicate,v.使..复杂；使..难懂；使（疾病等）恶化；,△
complicated,"a.错综复杂的,麻烦的,难解的",
complication,"n.复杂,纠纷;并发症",
compliment,"n.(pl.)问候,致意 n./v.称赞,恭维",▲
comply,v.(with)遵照，照做，应允；顺从，服从,▲
component,"n.组成部分,成分,元件 a.组成的,合成的",
compose,"v.组成,构成;(of)由…组成;创作(诗歌等)",
composite,a.混合成的，综合成的n.合成物，复合材料,△
composition,"n.作品,作文,乐曲;作曲;结构,组成,成分",△
compound,"n.混合物,化合物 a.混合的,化合的；vt.混合",▲
comprehend,vt.理解，领会；包含，包括,
comprehension,"a.理解(力),领悟；包含，包含力",
comprehensive,"a.内容广泛的,总括性的，综合的",▲
compress,vt.压紧，压缩；(把思想、文字等)浓缩,
comprise,vt.包含，包括，由...组成；构成，组成,△
compromise,"n.妥协, 折衷; vi.妥协; vt.危及, 放弃(原则等)",▲
compulsory,a.必须做的，强制性的，(课程)必修的,▲
compute,"v./n.计算,估计",
conceal,"v.隐藏,隐瞒,隐蔽",
concede,vt.承认；容许；(比赛结束前)认输；退让,△
conceive,"v.(of)设想,构思,想象;以为;怀胎,怀有",
concentrate,"v.(on)集中,专心;浓缩 n.浓缩物",△
concept,n.概念，观念，设想,
concern,"v.涉及,关系到 v./n.关心 n.(利害)关系",
concerning,prep.关于，论及,
concession,n.让步，妥协；特许(权)；,▲
concise,"a.简明的,简洁的",▲
conclude,"v.结束,终止;断定,下结论;缔结,议定",
conclusion,n.结论，推论；结尾；缔结，议定,
concrete,"a.具体的,实质性的n.混凝土v.用混凝土修筑",▲
condemn,"v.谴责,指责;判刑,宣告有罪",▲
condense,v.(使)冷凝，(使)凝结；浓缩，压缩，简缩,
conduct,"n.行为,品行 v.引导;管理;指挥(乐队);传导",
conductor,n.管理者；(汽车)售票员；领队，指挥；导体,△
confer,v.商讨；授予，颁给(勋衔，学位等),△
conference,n.(正式)会议；讨论，商谈,
confess,v.供认，承认，坦白，忏悔,△
confidence,"n.(in)信任;信心,自信;秘密,机密",
confident,"n.(of,in)确信的,自信的",
confidential,a.秘(机)密的；表示信任的；担任机密工作的,△
confine,"vt.限制；使不外出，禁闭；n.边缘, 范围",▲
confirm,"v.使更坚固,使更坚定;(进一步)证实;确认",
conflict,"n.战斗,斗争;抵触,冲突 v.(with)抵触,冲突",▲
conform,vi.(to)遵守，适应；相似，一致，符合,▲
confront,"v.使面临,使遭遇;面对(危险等)",
confuse,"v.使混乱,混淆",△
congratulate,"v.(on)祝贺,向…致贺词",
congress,"n.(代表)大会;(美国等国的)国会,议会",▲
conjunction,n.接合，连接，联合；连(接)词,△
connection,"n.(connexion)联系,连接；亲戚，社会关系",
conquer,"v.征服,战胜,占领;克服,破除(坏习惯等)",
conquest,n.征服，征服地，掠取物,△
conscience,"n.良心,良知",▲
conscientious,a.审慎正直的，认真的，本着良心的,▲
conscious,"a.(of)意识到的,自觉的;神志清醒的",△
consecutive,a.连续的；连贯的；顺序的,▲
consensus,n.(意见等的)一致，一致同意，共识，舆论,▲
consent,"v./n.(to)同意,赞成,答应",▲
consequence,"n.结果,后果,影响;重要性",△
consequently,ad.结果，因此，所以,
conservation,"n.保存,保护,保守;守恒,不灭",△
conservative,"a.保守的,守旧的 n.保守主义者",
considerable,"a.相当大(或多)的,可观的;值得考虑的",△
considerate,"a.考虑周到的,体谅的",△
consideration,"n.需要考虑的事,理由;考虑,思考;体谅,照顾",
consist,"v.(in)在于,存在于;(of)由…组成,由…构成",
consistent,"a.(in)前后一致的, (with)一致, 符合；坚固的",△
console,n.控制台，仪表板；落地柜 vt.安慰，慰问,▲
consolidate,v.使加固，使加强；(把...)联为一体，合并,
conspicuous,"a.显眼的,明显的",▲
conspiracy,n.阴谋，密谋，共谋,▲
constant,"a.固定的，持续的,忠实的 n.常数,恒量",△
constituent,n.选民；成分，组分a.组成的，构成的,
constitute,vt.组成，构成，形成；设立，建立，任命,
constitution,"n.构成,构造,组成(方式),成分;体格;宪法",▲
constrain,vt.限制，约束；克制，抑制,▲
construct,"v.建设,建造,构造;创立",
consult,v.请教，向...咨询，找...商量；查阅，查看,△
consultant,"n.会诊医师,顾问医生;顾问",
consume,vt.消耗；吃完，喝光；(with)使着迷；烧毁,
consumption,"n.消费(量),消耗",
contact,"v./n.(使)接触,联系,交往",
contain,v.包含，容纳；容忍，抑制；可被...除尽,△
container,n.容器;集装箱,
contaminate,"v.弄污,弄脏,毒害,传染,染污",
contemplate,vt.盘算，计议；周密考虑；注视，凝视,▲
contemporary,"a.现代的,当代的;同时代的",▲
contempt,n.轻视，藐视；受辱，丢脸,▲
contend,"v.竞争,斗争;争论;坚决主张;全力奋斗",▲
continual,"a.不断的,连续的,频繁的",
contract,n.(承包)合同/契约 v.订合同/契约；使缩小,
contradict,"v.反驳;同…矛盾,同…抵触",▲
contradiction,n.反驳，否认；矛盾，不一致,
contrast,n.对比，对照 vi.形成对比 vt.把…与…对比,△
contribute,"v.(to)贡献,捐助,捐献;投稿",△
contribution,n.贡献；捐款，捐献物；投稿,
contrive,vt.谋划，策划；设法做到；设计，想出,▲
controversial,"a.引起争论的,有争议的",▲
controversy,n.争论，辩论，争吵,▲
convenience,"n.便利,方便;(pl.)便利设备",
convention,"n.大会,会议;惯例,常规,习俗;公约,协定",▲
conventional,"a.惯例的,常规的",
conversely,ad.相反地,△
conversion,n.转变，转换；信仰的改变；,
convert,"v.变换,转换；改变（信仰等）；兑换（钱）",
convey,"v.运送,搬运,转运;传达,传播",▲
convict,"v.(经审讯)证明…有罪,宣判…有罪 n.囚犯",
conviction,"n.深信,确信; 定罪,判罪",△
convince,"v.(of)使信服,使确信",△
cooperate,"v.(with)合作,协作,相配合",
cooperative,"a.合作的,协作的 n.合作社",▲
coordinate,"a.同等的 n.同等者,坐标 vt.协作,协调",▲
cope,"v.(with)竞争,对抗;(with)对付,妥善处理",▲
copper,"n.铜;铜币,铜制器",
copyright,n.／a.版权(的),
cord,"n.绳,索",▲
cordial,"a.诚恳的,亲切的,热诚的；兴奋剂(饮料)",▲
corporation,n.市镇自治机关；法人；公司，企业,
correlate,"n.相互关联的事物 v.(with,to)(使)互相关联",▲
correspond,"v.通信,(with)符合,一致;(to)相当于,对应",
correspondence,"n.通信,信件;(with)符合;(to)相当于,对应",△
correspondent,"n.记者,通讯员;通信者",▲
corresponding,"a.符合的,相应的,对应的",
corridor,"n.走廊,通路",▲
corrode,"v.(受)腐蚀,侵蚀",△
corrupt,"v.贿赂,收买;腐败,堕落；a.腐败的,贪污的",△
cosmic,a.宇宙的；无比巨大的，无穷尽的,△
costume,n.(流行的)服饰；戏装，(特定场合的)套装,
cosy,"a.暖和舒服的,舒适的；n.保温罩",▲
cottage,"n.村舍,小屋,别墅",△
couch,n.长沙发; (病人躺的)长榻；vt.表达,▲
council,"n.理事会,委员会,议事机构",△
counsel,"v./n.劝告,忠告 n.法律顾问,辩护人",△
counter,"n.柜台;计数器 a./ad.相反(的) v.反对,反击",△
counterpart,n.对应的人(或物),
county,"n.(英国)郡,(美国)县",
coupon,n.证明持券人有某种权利的卡片，票证，赠券,▲
court,"n.法院,法庭;宫廷,朝廷;院子;球场",
courtesy,n.谦恭有礼;有礼貌的举止(或言词),▲
courtyard,n.院子，庭院，天井,
coward,"n.懦夫,胆怯者",▲
crab,"n.螃蟹,蟹肉",△
crack,"n.裂纹,缝隙;破裂声 v.(使)破裂,砸开",△
cradle,n.摇篮;发源地,▲
craft,"n.工艺,手艺,技巧;飞机,飞船",
crane,"n.起重机,鹤",▲
crash,"v./n.碰撞,坠落,摔坏 n.失败,瓦解;爆裂声",△
crawl,"v./n.爬行,蠕动,缓慢(的)行进;爬行字幕;自由泳",▲
creative,"a.有创造力的,创造性的",
credential,n.凭证，(pl.)国书，证明书,▲
credit,"v./n.信用,信任 n.信用贷款,赊欠;名誉,名望",
creep,"v.爬,爬行;(植物)蔓延; 汗毛直竖",▲
crew,"n.全体船员,全体乘务员；v.啼叫",△
cricket,n.板球;蟋蟀,
criminal,"n.罪犯,刑事犯 a.犯罪的,刑事的",
cripple,"n.跛子,残疾人 v.使跛,使残疾",▲
crisis,"n.(pl.crises)危机,紧要关头",
criterion,n.(pl.criteria或criterions)标准，尺度,▲
critic,"n.批评家,评论家",△
critical,"a.批评的,评论的;危急,紧要的;临界的",▲
criticism,n.评论性的文章，评论；批评，指责，非难,
criticize,"v.(criticise)批评,评论",
crucial,"a.至关重要的,决定性的",△
crude,"a.天然的,未加工的;未熟的;粗鲁的,粗野的",▲
cruise,v.巡航；以节省燃料的速度前进 n.乘船巡游,△
crush,"n./v.压碎,压坏 v.压服,压垮",▲
crust,"n.外皮,壳;地壳",△
crystal,"n.水晶,水晶饰品;结晶 a.水晶的,透明的",
cube,"n.立方形,立方体;立方,三次幂",
cultivate,"v.耕作,栽培,养殖;培养,教养,磨炼",
cunning,"a./n.狡猾(的),狡诈(的)；漂亮的,可爱的",▲
cupboard,"n.碗柜,小橱",△
curb,n.路边vt.制止，抑制,▲
curiosity,"n.好奇心;古董,古玩",△
curl,"v.(使)卷曲,蜷缩 n.卷发;卷曲状;卷曲物",▲
currency,"n.流传,流通；通货,货币",
current,"n.电流,水流;潮流,趋势 a.当前的;流通的",
curriculum,"n.(pl.curricula)课程,(学校等的)全部课程",△
curse,"n.诅咒,咒语,祸因 vt.诅咒,咒骂,使受罪",▲
curve,"n.曲线,弯曲(物) v.弄弯,成曲形",
cushion,"n.垫子,软垫 vt.装垫子;缓和,减轻;",▲
customary,"a.习惯的,惯例的",△
cyberspace,n.虚拟信息空间;网络空间,
cycle,"n.自行车;周期,循环 v.骑自行车;循环",
cylinder,"n.圆筒,圆锥体;汽缸",△
dam,"n.水坝,水闸",▲
damn,int.该死 vt.遣责；使失败 a.十足的 ad.极,▲
damp,n.潮湿 a.潮湿的 vt.使潮湿;使衰减,▲
dash,"v./n.冲,猛冲,突进 n.破折号",▲
data,n.(datum的复数)资料，数据,
database,n.(databank)数据库,
dazzle,"v.使惊奇,使倾斜;耀(眼) n.耀眼的光",▲
dealer,n.商人,▲
dean,n.(大学)院长;主持牧师; (基督教)教长,▲
debate,"v./n.争论,辩论",
debt,"n.债,债务",
decade,n.十年,
decay,"v./n.腐朽,腐烂;衰减,衰退",△
deceit,"n.欺骗,欺骗行为",
deceive,"v.欺骗,蒙蔽",
decent,"a.体面的;正派的,合乎礼仪的;合适的",▲
decimal,"a.十进的,小数的,十进制的 n.小数",▲
deck,n.甲板,
declaration ,n.宣言，宣布，声明,
declare,"v.宣布,宣告,声明;断言,宣称",
decline,"v.下降,衰落;拒绝 n.下降;斜面,倾斜,衰落",△
decorate,"v.装饰,装璜,布置",△
decrease,"n.减少,减小;减少量 v.减少,变少,降低",△
dedicate,vt.奉献;献身于;题献,▲
deduce,"vt.(from)演绎,推断,推论",△
deduct,vt.扣除;演绎(推理),▲
deem ,vt.认为 相信,▲
defect,n.过失;缺点;不足,
deficiency,"n.缺乏,不足;缺点,缺陷",△
deficit,"n.赤字,逆差;亏损,亏空;不足,缺乏",▲
define,"v.给…下定义;阐述;阐释;限定,规定",
definite,"a.明确的;一定的;意志坚强的,立场坚定的",▲
definition,"n.定义,解释;(轮廓影像等的)清晰度;阐明;",△
defy,"v.(公然)违抗,反抗;蔑视",▲
degenerate,"v.衰退,堕落,蜕化 a.堕落的 n.堕落者",▲
delegate,n.代表 vt.委派…为代表;授权;委托,▲
deliberate,"a.深思熟虑的,故意的 vt.研讨,商讨",▲
delicate,a.纤弱的;精致的;微妙的;灵敏的,▲
deliver,"v.交付,递送;发表,表达;释放;接生",
delivery,n.递送;交付;分娩;交货;引渡,
demand,"n./v.要求,请求,需要(量) v.查问",
democracy,"n.民主,民主制,民主国家",△
democratic,a.民主的，～ Party   民主党,
demonstrate,"v.论证,证实;演示,说明",▲
denial,n.否认;拒绝;否认某事或某事实的声明,▲
denote,"vt.(用符号等)表示,意味着",▲
denounce,"vt.公开指责,公然抨击;谴责;指控,告发;弹劾",▲
dense,"a.浓厚的,密集的,稠密的",
density,"n.密集,密度,浓度",
dental,a.牙齿的；牙科(用)的；n.齿音,△
dentist,n.牙医,
deny,"v.否认,否定;拒绝",▲
depart,"vi.离开,起程;去世；a.过去的,逝世的",▲
departure,"n.离开,起程",△
depict,"v.描绘;描写,描述",
deposit,v.存放;使沉淀;付(保证金) n.存款;沉积物,△
depress,"v.压抑,降低;使沮丧,压下",
depressed ,a沮丧的 降低的,
deprive,"vt.剥夺,夺去,使丧失",△
deputy,"n.代理人,代表 a.副的,代理的",△
derive,v.取得;导出;引申;来自;源自;出自,▲
descend,"v.下来,下降;遗传(指财产,气质,权利)",▲
descendant,"n.子孙,后代",▲
descent,"n.下降,降下;斜坡;血统,家世",▲
describe,"v.描述,形容",
description,"n.描写,形容;种类",
deserve,"v.应受,值得",
designate,"v.指明,指出;任命,指派",▲
desirable,"a.值得做的;合意的,称心的;期望得到的",
desolate,a.荒凉的;孤独的 v.使荒芜,▲
despair,n.绝望;失望;令人失望的人(事物)v.绝望,
despatch,n./v.(dispatch)派遣;发送 n.急件;新闻报道,▲
desperate,a.不顾一切的，铤而走险的；绝望的，危急的,▲
despise,"v.轻视,蔑视",△
dessert,n.正餐后的水果或甜食,△
destination,"n.目的地,终点",▲
destiny,"n.命运;天数,天命",▲
destruction,n.毁坏，毁灭(的原因),
destructive,a.破坏性,
detach,"vt.分开, 分离, 分遣, 派遣(军队)",▲
detail,"n.细节,详情 v.详述",
detain,"v.耽搁;扣押,拘留",▲
detect,"v.察觉,发觉,侦察,探测",
detector,"n.发现者,侦察器,探测器,检波器,检电器",
deteriorate,"v.(使)恶化,(使)变坏",▲
deviate,"v.(from)背离,偏离",△
device,"n.装置,设备,仪表;方法,设计",
devil,n.魔鬼,△
devise,vt.设计;发明;图谋;作出(计划);想出(办法),▲
dew,n.露水,▲
diagnose,vt.诊断(疾病)；判断(问题),
diagram,n.图表;图解,▲
dialect,n.方言,▲
diameter,n.直径,△
dictate,"v.口授;(使)听写;指令,指示,命令;",
dictation,"n.听写,口述;命令",
diet,"n.饮食,食物",▲
differ,v.(from)与…不同;(with)与…意见不同,
differentiate,"v.区分,区别;(使)不同",△
diffuse,"v.扩散;传播 a.(文章等)冗长的,漫无边际的",△
digest,vt.消化；领会，融会贯通 n.文摘，摘要,
digital,a.数字的;数位的;手指的 n.数字,
dignity,"n.(举止,态度等的)庄严,端庄;尊贵,高贵",▲
dilemma,"n.(进退两难的)窘境,困境",▲
diligent,"a.勤奋的,用功的 ",▲
dilute,"vt.稀释, 冲淡；a.稀释的, 冲淡的",▲
dim,"a.暗淡的,模糊的",△
dimension,"n.尺寸,尺度;维(数),度(数)",
diminish,"v.缩小,减少,递减",△
dip,"v./n.浸,蘸",▲
diploma,"n.毕业文凭,学位证书",△
diplomatic,"a.外交的,从事外交的;策略的,有手腕的",▲
directly,"ad.直接地,径直地;马上,立即",
directory,"n.人名地址录,(电话)号码簿",
disable,vt.使残废;使失去能力;丧失能力,△
disappear,"v.不见,消失",
disaster,"n.灾难,大祸;彻底的失败",△
disastrous,a.灾难性的,
discard,vt.丢弃，抛弃，遗弃,▲
discern,"v.认出,发现;辨别,识别",▲
discharge,"v./n.卸货,排出;发射,放(电);遣散,解雇",△
discipline,"n.纪律,学科；训练, 惩罚",△
disclose,"v.揭示,泄露",
discount,n.折扣；贴现(率) vt.打折扣;不重视,
discourse,"n.论文;演说;谈话;话语 vi.讲述,著述",▲
discreet,a.(言行)谨慎的；慎重的；有判断力的,▲
discrepancy,n.相差;差异;矛盾;,▲
discriminate,"v.区别,辨别;(against)有差别地对待,歧视",▲
disgrace,"n.失宠,耻辱 v.使失宠;玷辱,使蒙羞",△
disguise,"n./v.假装,伪装,掩饰",▲
disgust,"n.厌恶,恶心 v.使厌恶",▲
dismay,"n./v.(使)沮丧;(使)惊慌;(使)失望,(使)绝望",▲
dismiss,"v.免职,解雇,开除,解散",△
disorder,"n.混乱,杂乱;骚乱;失调,疾病",
disperse,"v.(使)分散;(使)散开;疏散,驱散",▲
displace,"v.移置,转移;取代,置换",
displacement ,"n.移置, 转移, 取代",
display,"v./n.陈列,展览,显示(器)",
disposal,"n.处理,处置;布置,安排",△
dispose,"v.(of)处理,处置;(for)布置,安排",△
disposition,"n.排列,部署;性格倾向;倾向,意向",▲
dispute,"n.争论,争执 v.争论,辩论;反驳;怀疑;阻止",▲
disregard,vt.不理会;忽视;漠视 n.忽视;漠视,
disrupt,vt.使混乱，使崩溃，使分裂，使瓦解,▲
dissipate,v.驱散;(使云、雾、疑虑等)消散;挥霍,△
dissolve,"v.(使)溶解,(使)融化;解散,取消",▲
distill,vt.蒸馏，用蒸馏法提取；吸取，提炼,▲
distinct,"a.清楚的,明显的;(from)截然不同的",△
distinction,"n.区别,差别;级别;特性;声望;显赫",▲
distinguish,"v.(from)区别,辨别;辨认出;使杰出",▲
distort,v.弄歪(嘴脸等);扭曲;歪曲(真理、事实等),
distract,v.分散;使分心;打扰;使心情烦乱,▲
distress,n.苦恼;危难;不幸 v.使苦恼,▲
distribute,v.分发;分配;分布;配(电);(over)散布,
district,"n.地区,行政区;美国各州的众议院选区",
disturb,"v.扰乱,妨碍,使不安",△
disturbance,"n.动乱,骚乱,干扰",
ditch,"n.沟,沟渠,水沟",▲
diverse,"a.多种多样的,(from)不同的",△
diversion,"n.转向,转移;牵制;解闷;娱乐",△
divert,vt.使转向，使改道；转移(注意力)；使娱乐,▲
dividend,n.红利，股息；回报，效益；被除数,▲
divine,a.神的，神授的，天赐的；极好的，极美的,▲
division,"n.分,分割;部门,科,处;除法;分界线",
divorce,"v./n.离婚,分离",
dizzy,"a.头晕目眩的,眩晕的;(可能)使人头晕的",▲
dock,"n.船坞,码头",▲
doctrine ,n.教条主义学说,▲
documentary,a.文献的 n.记录片,
domain,"n.(活动,思想等)领域,范围;领地",△
dome,n.圆屋顶,▲
domestic,a.家里的;本国的;驯养的,
dominant,"a.支配的,统治的,占优势的",▲
dominate,"v.支配,统治,控制;占优势",
donate,vt.损赠(金钱等);赠予,▲
doom,"n.厄运,劫数；v.注定,命定",▲
doorway,n.门口,
dorm,n.(dormitory)［美］［口］宿舍,▲
dose,"n.剂量,一服,一剂 v.(给…)服药",△
dot,"n.点,圆点 v.在…上打点",
doze,v./n.瞌睡;假寐,▲
draft,"n.草稿,草案,草图; v.起草,草拟; n.风,气流,征兵",▲
drag,"v.拖,拖曳",
drain,"n.排水沟,阴沟;消耗,负担 v.排去,放干",△
dramatic,"a.戏剧的,戏剧性的;剧烈的",
drastic,"a.激烈的,严厉的;(药性等)猛烈的",▲
drawback,"n.欠缺,缺点;退还的关税",▲
drawer,n.抽屉,
dread,"v./n.恐惧,担心",▲
drift,"v./n.漂,漂流(物)",▲
drip,"v.滴下,漏水 n.滴,水滴,点滴",
drought,"n.旱灾,干旱",△
drum,"n.鼓,鼓膜；圆桶",▲
dubious,a.怀疑的，无把握的；有问题的，靠不住的,▲
dull,"a.单调的;迟钝的,愚笨的;不锋利的",▲
dumb,"a.哑的,无言的",▲
dump,"v.倾倒,倾卸；n.垃圾场",▲
duplicate,"n.复制品 v.复写,使加倍 a.复制的,二重的",
durable,"a.持久的,耐久的",△
duration,n.持久;期间;持续时间,
dusk,"n.薄暮,黄昏",▲
dwarf,n.矮子，侏儒，矮小的动植物 vt.使…矮小,▲
dwell,"v.住,居留",
dwelling,"n.住宅,寓所",△
dye,"n.染料 v.染,染色",
dynamic,"a.动力的,电动的;有生气的",
dynasty,"n.王朝,朝代",
earnest,"a.热心的,诚挚的 n.热心;真挚;定金;认真",▲
ease,"v.减轻;使舒适,使安心 n.容易;舒适,悠闲",
Easter,n.复活节,△
ebb,vi.衰退，减退 n.处于低潮，处于衰退状态,▲
eccentric,"a.古怪的,怪癖的,异乎寻常的;离心的;n.古怪的人",▲
echo,"v./n.回声,反响,共鸣",▲
eclipse,"n.日食,月食",▲
ecology,n.生态学,△
economic,"a.经济(上)的,经济学的",△
economy,n.节约;经济,
edible,a.可食用的,▲
edit,"v.编辑,校订",△
editorial,n.社论  a.社论的；编辑上的,▲
effective,"a.有效的,生效的;被实施的;给人深刻印象",
efficiency,n.效率;功效,
efficient,"a.有效的,效率高的;有能力的,能胜任的",
ego,n.自我，自负，利已主义；(心理学)自我意识,▲
eject,"v.喷射,排出;驱逐",
elaborate,v./a.精心制作(的);详细阐述(的),△
elapse,vi. (时间)溜走；(光阴)逝去,▲
elastic,"a.弹性的 n.松紧带,橡皮圈",▲
elbow,n.肘，(衣服的)肘部vt.用肘推，用肘挤,▲
electrician,"n.电学家,电工",△
electron,n.电子,
electronic,a.电子的,
elegant,a.优雅的;端庄的;雅致的,
element,n.元素;要素;成分;元件;自然环境,△
elementary,a.初步的;基本的;,▲
elevate,"vt.举起,提拔,振奋,提升...的职位",
elevator,"n.电梯,升降机",
eligible,a.符合条件的;(尤指婚姻等)合适(意)的,▲
eliminate,"vt.除去;淘汰; 排(删,消)除; 削减(人员); 排泄",△
elite,n.[法]精华，精锐，中坚分子；主力,▲
eloquent,"a.雄辩的,有说服力的;善辩的,口才流利的",▲
embark,"v.(使)上船(或飞机,汽车等);着手,从事",▲
embarrass,"vt.使困窘,使局促不安;阻碍,麻烦",△
embassy,n.大使馆;大使及其随员,△
embed,vt.把…嵌(埋、插)入，扎牢；使深留脑中,▲
embody,"vt.具体表达,使具体化；包含,收录",▲
embrace,v.拥抱;包含;包围;环绕;采用;接受,△
emerge,"vt.显现,浮现;暴露;形成;",▲
emergency,"n.紧急情况,突然事件,非常时刻",
emigrate,"v.(反)immigrate;(to,from)自本国移居他",
eminent,a.显赫的;杰出的;有名的;优良的;高耸的,▲
emit,vt.发出;放射;吐露;散发;发表;发行,△
emotion,"n.情绪,情感,感情",
emphasis,"n.强调,重点",
emphasize,v.(emphasise)强调,
empire,n.帝国,△
empirical,"a.凭经验(或观察)的,经验主义的",▲
enable,"v.使能够,使成为可能;授予权利或方法",
enclose,"v.围住,圈起,封入",△
enclosure,"n.围住,圈起,封入,附件",△
encounter,"n./v.遇到,遭遇",
encyclopedia,n.(encyclopaedia)百科全书,▲
endeavor,"v./n.(endeavour)努力,尽力,力图",▲
endow,vt.资助，捐赠；(with)给予，赋予,▲
endurance,"n.忍耐(力),持久(力),耐久(性)",▲
endure,"v.忍受,持久,持续",▲
energetic,a.精力旺盛的;积极的;有力的,△
enforce,"v.实施,执行;强制;支持,坚持(要求,主张等)",▲
engage,"v.(in)从事,着手;约定;使订婚;保证;雇用",△
engagement,"n.约会,约定;婚约,订婚",△
engine,"n.发动机,引擎;火车头",
engineering,n.工程学,△
enhance,"v.提高,增强",
enlarge,"vt.扩大,放大,增大",
enlighten,"v.启发,启蒙,教导",▲
enormous,"a.巨大的,庞大的",▲
enquire,"v.(inquire)询问,打听;调查;查问",
enrich,v.使富足;使肥沃;装饰;加料于;浓缩,
enroll,v.(enrol)招收;登记;入学;参军;成为会员,▲
ensure,"v.确保,保证;使安全",
entail,vt.使承担;需要;把(疾病等)遗传给;限定,▲
enterprise,"n.事业,企(事)业单位;事业心,进取心",▲
entertain,"v.招待,款待;使娱乐;使欢乐;容纳,接受;考虑",△
entertainment,"n.招待,款待;表演文娱节目",
enthusiasm,"n.热情,热心;狂热;积极性(for)",
enthusiastic,"a.热情的,热心的",
entire,"a.完全的,全部的,完整的",
entitle,v.给以权利(或资格);给…称号(题名);授权,▲
entity,"n.实体;存在(物);组织,机构;本质",▲
entrepreneur,n.企业家，主办人,▲
entry,"n.进入,入口;通道;记载,条目",
envisage,v.想象，设想，展望，正视,▲
epidemic,a.流行性的;传染的 n.流行病;传播,△
episode,n.一段情节;片断;(连续剧的)一集,△
epoch,"n.新纪元;时代;时期;【地质】世,纪,期",▲
equality,n.同等;平等;相等;等式;等同性,
equation,"n.(数学)等式,方程式;(with)相等;均衡",▲
equator,n.赤道,△
equip,"v.(with)装备,配备;训练",
equivalent,"a.(to)相等的,等价的 n.相等物,等价物",▲
era,"n.时代,年代,阶段,纪元",△
erase,v.擦掉;删去;消磁,△
erect,"v.树立,建立,使竖立 a.直立的,垂直的",▲
erosion,"n.腐蚀,磨损;削弱,减少",△
erroneous,"a.错误的,不正确的",▲
erupt,v.(尤指火山)爆发,
escalate,v.(使)逐步增长(或发展)，(使)逐步升级,
escort,vt.护送(卫)；陪同 n.警卫，护送者；仪仗兵,△
essay,"n.文章,短文; 随笔",△
essence,"n.本质,实质",△
essential,"a.本质的,基本的;净化的 n.本质;要素",
establish,"v.建立,设立;安置,使定居",
establishment,"n.建立,设立,建立的机构(或组织)",
estate,n.房地产;不动产;所有权;地位;生活状况,▲
esteem,n.尊敬，尊重 vt.尊重，敬重；把…看作,▲
estimate,"v./n.估计,估价;评估",△
eternal,"a.永久的,永恒的;不朽的；(～ triangle)三角恋爱",▲
ethnic,a.种族的；人种学的,▲
evacuate,vt.撤离，疏散，排泄，剥夺            ,▲
evade,vt.逃避，回避；避开，躲避；逃税,▲
evaluate,"v.估价,评价;求…的值",
evaporate,"v.蒸发,挥发;沉淀;发射;消失",△
evidence,n.明显;显著;根据;证据;迹象,
evident,"a.明显的,明白的",
evil,"a.邪恶的,罪恶的 n.邪恶,罪恶",△
evoke,vt.唤起(回忆、感情等)；引起,▲
evolution,"n.进化,演变,发展,进展",
evolve,"v.(使)发展;(使)进化;(使)进展;发出,散发",▲
exaggerate,"v.夸大,夸张",
exceed,"v.超过,胜过;越出",▲
exceedingly,"ad.极端地,非常",▲
excel,vi.胜过其他;擅长 vt.胜过，优于,△
exception,"n.例外,除外;反对;异议",
exceptional,"a.例外的,异常的",
excerpt,n./vt.摘录;引用,▲
excess,"a.过量的,额外的 n.过量;过剩;超额;无节制",△
excessive,a.过多的;过分的;额外,△
exchange,"v./n.(for)交换,兑换;交流,交易;交换台",
exclaim,"v.呼喊,惊叫,大声说",▲
exclude,"v.拒绝,把…排除在外,排斥",△
exclusive,a.独占的;排他的;孤高的;唯一的;高级的,▲
excursion,"n.短途旅行,游览;离题;",▲
execute,v.实行;实施;执行;完成;履行;处死,
executive,"n.总经理,董事,行政负责人 a.执行的,实施的",△
exemplify,v.举例证明;示范;作...的范例,
exempt,a.免除的 v.免除 n.免税者;被免除义务者,▲
exert,"v.尽(力),施加(压力等),努力; 发挥,施以影响",▲
exhaust,"v.使筋疲力尽,耗尽;抽完 n.排气装置;废气",
exile,n.流放；被流放者 vt.流放，放逐，把…充军,▲
existence,"n.存在,实在;生存,生活(方式)",
exotic,a.奇异的;异国情调的;外(国)来的;脱衣舞的,▲
expand,"v.(使)膨胀,(使)扩张;张开,展开",
expansion,"n.扩张,膨胀;张开,伸展",
expectation,"n.预期,期望,指望",
expedition,"n.远征(队),探险(队)",▲
expel,v.把…开除;驱逐;排出;发射,▲
expenditure,"n.花费;(时间,金钱等的)支出,消耗",▲
experimental,"a.实验(性)的,试验(性)的",△
expert,"n.专家,能手 a.熟练的,有经验的;专门的",
expertise,"n.专门知识(或技能等),专长",△
expire,"v.期满,(期限)终止;呼气;断气,死亡",▲
explicit,"a.详述的,明确的;坦率的;显然的",▲
explode,"v.(使)爆炸,(使)爆发",△
exploit,v.开拓;开发;剥削 n.功绩,△
explore,"v.勘探,探测;探究,探索",
explosion,"n.爆炸,爆发",
explosive,"a.爆炸(性)的,爆发(性)的 n.爆炸物,炸药",△
export,"v./n.输出,出口 n.出口商品",
expose,"v.(to)使暴露,受到;使曝光",
exposure,"n.暴露,揭露;方向;陈列;遗弃;照射量",
exquisite,a.优美的，高雅的，精致的；剧烈的，异常的,▲
extend,"v.延长,延伸;扩充;给予;提供;估价",
extension,n.延长;扩大;范围;大小;尺寸;电话分机,△
extensive,"a.广大的,广阔的",
extent,"n.广度,宽度,长度;程度,限度",
exterior,"a.外部的,外面的 n.外部",▲
external,a.外部的;客观的;外国的;表面的;,▲
extinct,a.灭绝的;熄灭了的,△
extinguish,v.熄灭;消灭;结束;压制;使黯然失色;偿清,△
extract,"v./n.拔出,抽出;摘录n.抽取物;精华;选集",△
extraordinary,a.非常的;格外的;意外的;离奇的;临时的,
extravagant,a.奢侈的;过分的;(言行等)放肆的,▲
extreme,"a.末端的,尽头的;极度的 n.极端;最大程度",
eyebrow,n.眉毛,
fable,n.寓言,▲
fabric,n.织物;织品;结构;构造;建筑物,
fabricate,"v.捏造,编造(谎言,借口等);建造,制造",▲
fabulous,a.极好的；极为巨大的；寓言中的，传说中的,▲
facilitate,v.使变得(更)容易;使便利;推动;帮助;促进,△
facility,"n.能力,灵巧,熟练;(pl.)设备,设施,便利条件",▲
faction,"n.派别, 小集团, 派系斗争, 小派系, 内讧",▲
faculty,"n.才能;学院,系;(学院或系的)全体教学人员",▲
fade,"v.褪色;衰减,消失n.淡入(出)n.乏味(平淡)的",▲
faithful,"a.守信的,忠实的,如实的,可靠的；n.信徒",△
fake,n.假货，赝品 a.假的，冒充的 v.伪造；伪装,▲
fame,n.名声;名望;传说；vt使出名;传扬…的名,
famine,"n.饥荒,饥馑",▲
fancy,"n.爱好,迷恋 v.想象,幻想 a.花式的,奇特的",
fantasy,n.幻想，空想；空想的产物，幻想作品,
fare,"n.车费,船费;伙食;乘客 v.过活;进展;经营",▲
fascinate,"v.迷住,强烈吸引",
fashion,"n.流行式样(或货品),风尚,风气;样子,方式",
fasten,"v.扎牢,使固定",▲
fatal,"a.致命的,毁灭性的",▲
fatigue,n./v.(使)疲劳,▲
faulty,a.有错误的，有缺点的，不完善的,
favorable,"a.(favourable)赞许的,有利的,讨人喜欢的",△
fearful,a.可怕的，吓人的；害怕，担心，惊恐,
feasible,a.可行的;切实可行的;行得通的;可用的,▲
feast,"n.节日;宴会；v.款待,请客;参加宴会;(on)享受",▲
feat,n.功绩，伟业，技艺,▲
feature,n.特征;容貌;特色;特写 v.以...为特色,
federal,a.联邦的;联邦制的;联合的;同盟的,
fee,"n.费(会费,学费等);酬金",△
feeble,"a.虚弱的,无力的",▲
feedback,n.反馈;反应;回授,
fell,v.击倒;打倒(疾病等);砍伐a.凶猛的;可怕的,
female,n.女性;女人;雌兽 a.女性的;雌的;柔弱的,
feminine,a.女性的;娇柔的;【语】阴性的,▲
ferry,"n.摆渡;渡船;渡口v.摆渡;渡运(人,车或物等)",▲
fertile,"a.肥沃的,富饶的;能繁殖的",▲
fertilizer,n.(fertiliser)肥料,
feudal,a.封建的;封地的;领地的,▲
fiber,n.(fibre)纤维;构造;纤维制品,
fiction,"n.虚构,编造;小说",△
fierce,"a.凶猛的,残忍的;狂热的,强烈的",▲
file,"n.锉刀;文件,档案 v.锉",△
filter,"n.滤器,滤纸",
finance,"n.财政,金融 v.为…提供资金",△
financial,"a.财政的,金融的",△
finding,"n.发现,发现物;(常pl.)调查/研究结果",
finite,a.有限的;限定的；n.有限物,▲
fireplace,n.壁炉,▲
fitting,"a.适当的,恰当的 n.(常pl.)配件,附件;装配",▲
fixture,n.固定设备;预定日期;比赛时间;定期存款,△
flame,"n.火焰,火苗;热情;光辉 v.发火焰,燃烧",△
flap,"n.垂下物,帽沿,袋盖 n./v.拍打,拍动,飘动",▲
flare,"v./n.闪烁,摇曳; v.勃然大怒,突然燃烧; n.燃烧弹",▲
flash,"n./a.闪光(的) v.发闪光,闪亮;闪现",
flatter,vt.奉承;使高兴;使满意;胜过,
flaw,n.裂缝;缺陷 v.使破裂;使有缺陷,▲
flee,v.逃走;逃避,
fleet,"n.舰队,船队;港湾；v.飞驰,掠过;消磨",▲
flesh,"n.肉,肌肉",△
flexible,"a.柔韧的,易弯曲的,灵活的,能变形的",
fling,"v.(用力地)扔,抛,丢",▲
flock,"n.(一)群,(禽,畜等的)群;大量 v.群集,成群",▲
flour,n.面粉,△
flourish,"n./v.繁荣,茂盛,兴旺",△
flu,n.(influenza)流行性感冒,
fluctuate,v.(使)波动;(使)起伏,▲
fluent,"a.流利的,流畅的",
fluid,"a.流动的,液体的 n.流体,液体",
flush,"v./n.脸红,奔涌,惊飞; n.同花牌; a.洋溢的;富裕的",▲
foam,"v./n.泡沫,起泡沫",△
focus,"n.焦点,(活动,兴趣等的)中心 v.(on)使聚集",
folk,n.人们;民族;亲属 a.民间的,△
footstep,"n.脚步(声),足迹",
fore,ad.在前面 a.先前的; 在前部的 n.前部,△
forecast,"v./n.预测,预报",
forehead,n.前额;(任何事物的)前部,
foremost,"a.最先的;最初的; 主要的 ad.首要地,第一",▲
foresee,"v.预见,预知",
forge,"v.锻造,伪造; 加速；n.锻工车间;锻炉",▲
formal,a.正式的;形式的,
format,"n.(出版物的)开本,版式,格式 vt.设计;安排",
formation,n.形成;构成;组织;构造;编制;塑造,
former,"a.以前的,在前的 pron.前者",△
formidable,a.强大的;令人敬畏的;可怕的;艰难的;杰出的,▲
formula,n.(pl.formulae)公式;规则;分子式;药方,▲
formulate,v. 用公式表示;规划;设计;系统地阐述,△
forth,ad.向前；向外，往外,▲
forthcoming,a.即将到来的;准备好的;乐意帮助的;n.来临,▲
fortnight,n.两星期,▲
forum,"n.论坛,讨论会",
fossil,n.化石,▲
foster,vt.养育;收养;怀抱;鼓励 a.收养的 n.养育者,▲
foul,a.污秽的;邪恶的 v.弄脏;妨害;犯规 n.犯规,▲
foundation,"n.基础,根本,建立,创立;地基,基金,基金会",
fraction,"n.碎片,小部分,一点儿;分数",▲
fracture,"n.裂缝(痕);骨折 v.(使)断裂,(使)折断",▲
fragile,a.易碎的，脆的，易损坏的；虚弱的，脆弱的,△
fragment,"n.碎片,小部分,片断",△
fragrant,a.香的;芬芳的,▲
frame,n.框架;体格;骨架;组织;机构 v.设计;制定,▲
framework,n.构架;框架;结构;组织;机构,
frank,"a.坦白的,直率的",△
fraud,n.欺诈，诈骗；欺骗(行为)；骗子；假货,▲
freight,"n.货物,货运,运费",
frequency,"n.频率,周率",
friction,"n.磨擦,摩擦力",△
fridge,n.(refrigerator的略语)冰箱,
fringe,n.边缘；(窗帘)缘饰；额前垂发 vt.饰…的边,▲
frontier,"n.国境,边境;尖端,新领域",▲
frost,"n.霜,霜冻,严寒",△
frown,v.皱眉,▲
fruitful,"a.多产的;果实累累的,富有成效的",△
frustrate,"vt.挫败,阻挠,使灰心",▲
fry,"v.油煎,油炸; 烧毁（电器）",▲
fulfill,"v.(fulfil)完成,履行,实践,满足",△
fume,"n.(浓烈或难闻的)烟,气;愤怒;v.熏, 冒烟,发怒",△
function,"n.功能,作用;(pl.)职务;函数 v.起作用",△
fund,"n.资金,基金;存款,现款;(知识等的)累积",
fundamental,"a.基础的,基本的 n.(pl.)基本原则,基本原理",
funeral,"n.丧葬,葬礼",△
fur,"n.毛,毛皮",
furious,"a.狂怒的,狂暴的,猛烈的",▲
furnace,"n.炉子,熔炉",▲
furnish,"v.供应,提供;装备,布置",△
furthermore,"ad.而且,此外",
fuse,"n.保险丝,导火线,引信 v.熔化,熔合",△
fuss,"n./v.忙乱,大惊小怪",▲
futile,a.无效的，无用的，无希望的,▲
galaxy,n.星系;(the Galaxy)银河(系);一群显赫的人,△
gallery,"n.长廊,画廊,美术馆",
gallon,n.加仑,△
gallop,"v./n.奔驰,飞奔",▲
gamble,"n./v.投机,冒险;赌博",▲
gang,"n.一帮,一群,一伙",▲
gaol,n.(jail)监狱；(不加冠词)监禁 vt.使…坐牢,▲
gap,n.缺口;差距;空白;缺乏,
garlic,n.蒜，大蒜粉,▲
garment,n.(一件)衣服,▲
gasoline,n.(gasolene)汽油,
gasp,"n.喘息,气喘 v.喘息;气吁吁地说",▲
gauge,"n.标准尺寸;规格;量规,量表;轨迹,口径；v.测量",▲
gaze,"v./n.凝视,注视",△
gear,"n.齿轮,传动装置 v.(to)调整,使适合",△
gender,n.(生理上的)性；(名词、代词等的)性,
gene,n.基因,
generalize,"v.(generalise)归纳,概括;推广,普及",▲
generate,"vt.产生,发生;生殖",△
generator,"n.发电机,发生器",△
generous,"a.宽宏大量的,慷慨的",△
genetic,a.遗传(学)的 n.,
genius,n.天才,△
genuine,"a.真正的,名副其实的",▲
geometry,n.几何(学),
germ,"n.微生物,细菌",
gesture,"n.姿势,姿态,手势 v.做手势",▲
giant,n.巨人 a.巨大的,
gigantic,"a.巨大的,庞大的",△
giggle,vi.／n.痴笑；咯咯地笑 vt.咯咯地笑着说,▲
glamor,n.(glamour)魅力;魔法 vt.迷惑,▲
glare,vi.怒目而视;发射强光 n.强光;怒视;炫耀,
glide,"n./v.溜,滑行;(时间)消逝",▲
glimpse,"n./v.一瞥,瞥见",
glitter,"n.光辉,灿烂 v.闪闪发光;闪耀",▲
global,"a.球形的;全球的,全世界的;全面的",
globe,"n.球体,地球仪;地球,世界",
gloomy,"a.阴暗的,阴沉的,令人沮丧的,阴郁的",△
glorious,"a.壮丽的,辉煌的;光荣的",
glory,"n.光荣,荣誉",
glove,n.手套,△
glow,"v.发热,发光,发红 n.白热",▲
glue,"n.胶,胶水 v.胶合,粘贴",
gorge,"n.咽喉, 胃, 暴食, 峡谷, 障碍物；v.狼吞虎咽",▲
gorgeous,a.华丽的；灿烂的；美丽的；宜人的；棒的,▲
gossip,"n./v.(说)闲话,闲聊",△
governor,"n.统治者,管理者,总督,州(省)长",△
gown,n.长袍，特殊场合穿的长服,▲
grab,v./n.(at)抓(住);夺(得),
grace,"n.优美,文雅;恩惠,恩泽;宽限,缓刑;感恩祷告",△
gracious,"a.亲切的,客气的;宽厚的,仁慈的",▲
gradual,"a.逐渐的,逐步的",
graduate,"n.大学毕业生,研究生 v.大学毕业a.毕了业的",
grain,"n.谷物,谷类;颗粒,细粒",△
gramme,n.(gram)克,
grand,"a.盛大的,豪华的;重大的,主要的",△
grant,"v.同意,准予;授予 n.授予物;津贴;转让证书",▲
graph,"n.图表,曲线图",
graphic,"a.绘画似的, 图解的,生动的",△
grasp,"v./n.抓住,抓紧;掌握,领会",
grateful,"a.(to,for)感激的;感谢的",
gratitude,"n.感激,感谢",▲
grave,"n.坟墓 a.严肃的,庄重的",▲
gravity,"n.重力,引力;严肃,庄重",△
graze,vi.吃青草 vt.放牧;擦伤;掠过 .n.擦伤(处),▲
grease,"n.动物脂,油脂,润滑脂 v.抹油,润滑; 贿赂",▲
greedy,"a.贪吃的,贪婪的,渴望的",▲
greenhouse,n.温室,
grief,n.悲伤，悲痛；悲伤的事，悲痛的缘由,△
grieve,"v.使悲伤,使伤心",▲
grim,a.严酷的，令人害怕的；不愉快的，讨厌的,▲
grin,n./vi.露齿而笑，咧嘴一笑,▲
grind,"v.磨(碎),碾(碎); 压榨; 填鸭",▲
grip,"v./n.紧握,抓紧;掌握",▲
groan,v./n.呻吟,▲
grocer,"n.食品商,杂货商",▲
grope,"n./v.摸索,探索",▲
gross,"a.总的,毛(重)的;粗鲁的,粗俗的 n.总额",△
guarantee,"n.保证,保证书 v.保证,担保",
guidance,"n.引导,指导",△
guideline,n.指导方针，指导原则，准则，标准,
guilt,"n.罪过,内疚",
guilty,"a.(of)有罪的,内疚的",△
gulf,n.海湾,
gum,n.树胶;口香糖,▲
gut,n. 内脏，勇气，剧情,▲
guy,"n.家伙, 人",
gymnasium,n.(gym)体育馆，健身房,
habitat,n.(动物的)栖息地，(植物的)产地,▲
hail,"v.下雹;欢呼,欢迎 n.雹",▲
halt,"n.止步,停步,停止前进 v.止步,(使)停止",△
hamper,"v.妨碍,阻碍,牵制",▲
handful,n.一把;少数;一小撮,▲
handicap,v.妨碍 n.(身体或智力方面的)缺陷;不利条件,▲
handwriting,"n.笔迹,手迹,书法",
handy,"a.手边的,近便的;方便的; 手巧的",△
harassment,n.骚扰，扰乱；烦恼，烦乱,▲
harbor,"n.(harbour)海港;避难所 v.隐匿,窝藏",△
hardship,"n.艰难,困苦",
hardware,"n.五金,金属制品;硬件",
harm,"n./v.伤害,损害,危害",
harmony,"n.协调,和谐;融洽",
harness,"v.治理,利用 n.马具,挽具",▲
harsh,a.粗糙的；(声音)刺耳的；苛刻的，严酷的,▲
haste,"n.匆忙,急速;草率 v.赶快;匆忙",
hasty,"a.匆忙的,仓促的;草率的",
hatch,"v.孵,孵出;策划,图谋 n.舱口,小门",
hatred,"n.憎恨,憎恶,怨恨",▲
haul,"v.拖曳,拖运,用力拖",▲
hazard,"n.危险,冒险,危害 v.冒险,拼命",
heading,n.标题,
headline,"n.大字标题,新闻标题",
headquarters,"n.司令部,指挥部;总部,总局",
heal,"v.治愈,愈合",
heap,"n.(一)堆,大量,许多 v.(up)堆,堆起",▲
hearing,"n.听,倾听;听力;审讯",
heave,v.(用力)举，提，拉；扔；拖；呕吐n.举起,▲
hedge,"n.篱笆,树篱,障碍物 v.用树篱围住",▲
heel,"n.脚后跟,踵,鞋跟",△
heir,n.继承人,▲
helicopter,n.直升(飞)机,
helmet,"n.头盔,钢盔",▲
hemisphere,n.半球,
hence,"ad.从此,今后;因此",▲
henceforth,ad.今后,△
herb,n.药草，(调味用的)香草，草本植物,▲
herd,"n.群,兽群,牛群 v.放牧,群集",▲
heritage,"n.遗产,继承物;传统",
heroic,a.英雄的，英勇的，崇高的,
heroin,n.海洛因,△
heroine,n.女英雄;女主角,△
hesitate,"v.犹豫,踌躇;含糊,支吾",
hierarchy,n.等级制度；统治集团，领导层,▲
highlight,"v.使显著,使突出;强调 n.最精彩的部分",
hijack,v.劫持，劫机，拦路抢劫；揩油,▲
hike,"n.徒步旅行,远足; 增加；vi.徒步旅行；vt.提高",▲
hinder,"v.(from)阻止,妨碍 a.后面的",△
hinge,"n.合页,铰链; 主旨,关键;  vi.(on/upon)依…而定",▲
hint,"n.暗示,提示,线索 v.暗示,示意;(at)间接提及",▲
hip,n.臀部，髋；屋脊,▲
hitherto,"ad.到目前为止,迄今",▲
hoist,"v.举起,升起,吊起",▲
holder,"n.持有者,占有者;(台,架等)支持物",
holy,"a.神圣的,圣洁的",△
homogeneous,a.同种类的，同性质的，有相同特征的,
honorable,"a.(honourable)可敬的;荣誉的,光荣的",
hook,"n.钩,吊钩,钩状物;困境 v.钩住,上瘾",▲
hop,v.人单足跳;跳上(车等) n.蹦跳;短程飞行,▲
horizon,"n.地平线;眼界,见识",
horizontal,a.地平线的;水平的,
horn,"n.(牛羊等的)角;号,喇叭;角状物;角制品",▲
horrible,a.令人恐惧的，可怕的；极讨厌的，糟透的,
hose,"n.水龙带,软管;长统袜 v.用软管(淋浇,冲洗)",▲
hospitality,"n.好客,殷勤,款待",
host,"n.主人;旅店老板;节目主持人;(of)一大群,许多",△
hostage,n.人质,▲
hostess,"n.女主人,女主持人",
hostile,"a.敌对的,敌方的,敌意的",▲
hound,n.猎狗；卑鄙的人 vt.用猎狗追，追逐,▲
household,n.家庭，家人 a.家庭(务)的，家常的,△
hover,vi.(鸟)盘旋，翱翔，(人)逗留在附近徘徊,▲
howl,n.怒吼，嗥叫 vi.(风等)怒吼，咆哮,▲
huddle,n./v.拥挤;聚集v.(up)(因寒冷、害怕而)缩成一团,▲
hum,v.哼曲子；发嗡嗡声；忙碌n.嗡嗡声，嘈杂声,▲
humanity,"n.人类,人性,人情;(pl.)人文科学",
humble,"a.谦卑的,恭顺的;地位低下的 v.降低,贬低",▲
humid,"a.湿的,湿气重的",
humidity,"n.湿气,湿度",
humiliate,v.使羞辱，使丢脸,▲
hurl,vt.猛投，力掷；大声叫骂,▲
hurricane,n.飓风,
hut,"n.小屋,棚屋",▲
hydrogen,n.氢,△
hypocrisy,n.伪善，虚伪,▲
hypothesis,"n.假说,假设,前提",△
hysterical,"a.情绪异常激动的,歇斯底里的",▲
ideal,a.理想的;空想的;理想主义的;唯心的 n.理想,
identical,"a.(to.with)同一的,同样的",▲
identification,"n.识别,鉴别;证件;认同",△
identify,"v.识别,鉴别;(with)把…和…看成一样",△
identity,n.身份;本体;特征;同一(性);一致;国籍;等式,▲
ideology,n.意识形态，(政治或社会的)思想意识,▲
idiot,n.白痴；极蠢的人；笨蛋,△
idle,"a.空闲的;懒散的;无用的 v.空费,虚度",▲
ignite,"v.点火,引燃",▲
ignorance,"n.无知,愚昧;不知道",
ignorant,"a.无知的,愚昧的;不知道的",
illegal,"a.不合法的,非法的",
illiterate,"a.文盲的,未受教育的",▲
illuminate,vt.照亮，照明；用灯光装饰；说明，阐释,▲
illustrate,"v.举例说明,阐明;图解,加插图",▲
illustration,n.说明；例证，插图；举例说明,
image,n.形象，声誉；印象；像；形象的描述，比喻,
imaginary,"a.想象的,虚构的",
imagination,n.想象(力)；空想，幻觉；想象出来的事物,
imaginative,"a.富有想象力的,爱想象的",
imitate,"v.模仿,仿效;仿造,伪造",△
imitation,"n.模仿,仿效;仿制;仿造品",
immense,"a.广大的,巨大的;<口>非常好的",▲
immerse,v.使沉浸在;使浸没,▲
immigrant,"a.(从国外)移来的,移民的 n.移民,侨民",
immune,"a.免疫的,有免疫力的;有受影响的;豁免的",
impact,"n.冲击,碰撞;影响 v.影响;挤入,压紧",
impair,"v.损害,损伤;削弱,减少",▲
impart,vt.传授，给予；告知，通知,▲
impatient,"a.不耐烦的,急躁的",
imperative,n.命令;需要;规则;祈使语气a.强制的;紧急的,▲
imperial,a.帝国的，帝王的；威严的；(度量衡)英制的,
impetus,"n.推动(力),促进",▲
implement ,"n.(pl.)工具,器具 v.贯彻,实现",▲
implication,n.含意，暗示，暗指；牵连,
implicit,a.含蓄的;(in)固有的;无疑问的;绝对的,▲
imply,"v.意指,含…意思,暗示",
import,"v./n.进口,输入,(pl.)进口商品;要旨,含意",
impose,v.征(税);(on)把…强加给,
impress,"v.(on)印,盖印;留下印象,引人注目",
impression,"n.印象,感想;盖印,压痕;一版,一次印刷",
impressive,"a.给人深刻印象的,感人的",
improvement,"n.改进,进步,增进;改进措施",
impulse,"v.推动 n.推动;冲动,刺激",
incentive,n.刺激;动力;鼓励;诱因;动机,▲
incidence,n.影响程度，影响范围；发生率,
incident,"n.事件,事变；a.(to)随带的",
incidentally,"ad.附带地,顺便提及",▲
incline,"v.(使)倾斜;(使)倾向于 n.斜坡,斜面",▲
inclusive,"a.(of)包括的,包含的;范围广的",
incorporate,"v.合并,纳入,结合 a.合并的",△
incredible,"a.不可相信的,惊人的,不可思议的",
incur,"v.招致,惹起,遭受",▲
independence,"n.独立,自主",
independent,"a.(of)独立的,自主的",
index,"n.(pl.indexes,indices)索引 v.附以索引",
indicate,"v.指出,指示;表明,暗示",
indication,"n.指出,指示;表明,暗示",
indicative,"a.(of)指示的,暗示的",
indifferent,"a.冷漠的,不关心的,不积极的",▲
indignant,"a.愤慨的,愤慨不平的",▲
indignation,"n.愤怒,愤慨",▲
indispensable,"a.(to,for)必不可少的,必需的",▲
individual,"a.个人的,单独的;独特的 n.个人,个体",
induce,"v.引诱,劝使;引起,导致;感应",▲
indulge,v.放任，纵容，沉溺；使(自己)纵情享受,▲
industrial,"a.工业的,产业的",
industrialize,v.(industrialise)(使)工业化,
inertia,"n.不活动,惰性;惯性",▲
inevitable,"a.不可避免的,必然发生的；惯常的",▲
infant,"n.婴儿,幼儿；～-school   幼儿园",△
infect,vt.传染，感染；影响(思想等),
infer,"v.推论,推断",▲
inference,"n.推论,推理,推断;结论",
inferior,"a.下等的,下级的;劣等的,差的 n.下级,晚辈",△
infinite,"a.无限的,无穷的 n.无限",△
inflation,n.通货膨胀,△
influence,"n.(on)影响,感化;势力,权势 v.影响,感化",
influential,a.有影响的;有权势的,
inform,"v.(of,about)通知,告诉,报告;告发,告密",
infrared,a./n.红外线(的),
infrastructure,n.基础结构，基础设施,▲
ingenious,a.机敏的;有独创性的;精致的;精巧制成的,▲
ingradient,n.(混合物的)组成部分，配料；成份，要素,△
inhabit,"vt.居住于,存在于;栖息于",▲
inhabitant,"n.居民,住户",▲
inhale,v.吸入(气体等)，吸(烟),
inherent,"a.固有的,内在的,天生的",▲
inherit,vt.继承(金钱等)，经遗传而得(性格、特征),△
inhibit,vt.抑制，约束,▲
initial,"a.最初的,开头的;词首的 n.词首大写字母",
initiate,vt.开始，创始，发动；启蒙，使入门；引入,△
initiative,"a.创始的,起始的 n.第一步,创始,主动精神",
inject,vt.注射(药液等)；注入,
injure,"v.损害,损伤,伤害",
injury,n.伤害，损害,
inland,"a./ad.国内,内地,内陆",▲
inlet,"n.水湾,小湾;进口,入口",▲
innocent,"a.(of)清白的,无罪的;无害的;单纯的,无知的",
innovation,n.改革，革新；新观念，新方法，新发明,
innumerable,"a.无数的,数不清的",△
input,n./v.输入,
inquiry,"n.(enquiry)询问,打听,调查",△
insect,n.昆虫,
insert,"v.插入,嵌入;登载 n.插入物",
insight,"n.洞察力,见识",
inspect,"vt.检查,调查,视察",
inspiration,"n.灵感;鼓舞,激励",△
inspire,"vt.鼓舞,激起;使产生灵感",
instability, n.不稳定(性),
installation,"n.安装,设置;装置,设备",
installment,n.(instalment)分期付款；(连载的)一期,▲
instance,"n.例子,事例,例证",
instant,"a.立即的;紧迫的;(食品)速溶的 n.瞬间,时刻",
instantaneous,"a.瞬间的,即刻的",▲
instinct,"n.本能,直觉,天性",
institute,"n.学会,研究所;学院 v.设立,设置,制定",
institution,n.公共机构;协会;学校;研究所;制度;惯例,▲
instruct,"v.教,教授;命令,指示;通知",
instrument,"n.工具,仪器,器械;乐器",
instrumental,a.仪器的;器械的;乐器的;起作用的;有帮助的,△
insulate,"vt.隔离,孤立;使绝缘,使绝热",▲
insult,"vt./n.侮辱,凌辱",▲
insurance,"n.保险,保险费,保险业",
insure,"vt.保险,给…保险;保证",
intact,"a.完整无缺的,未经触动的,未受损伤的",▲
integral,a.构成整体所必需的;完整的,▲
integrate,"v.(into,with)(使)成为一体,(使)结合在一起",△
integrity,"n.正直,诚实;完整,完全",▲
intellectual,n.知识分子 a.智力的，理智的，有理解力的,△
intelligence,"n.智力,聪明;理解力;情报,消息,报导",
intelligent,"a.聪明的,明智的,理智的",
intelligible,a.可理解的，明白易懂的，清楚的,▲
intend,"vt.想要,打算,企图",
intense,"a.强烈的,剧烈的;热烈的,热情的",
intensity,"n.强烈,剧烈;强度",
intensive,"a.加强的,集中的,深入细致的,精耕细作的",▲
intention,"n.意图,意向,目的",
interact,"v.互相作用,互相影响",
intercourse,"n.交流,交往,交际,性交",
interface,n.接合部位，分界面 v.(使)互相联系,
interfere,"v.(in)干涉,干预;(with)妨碍,打扰",
interim,"a.中间的,暂时的,临时的 n.过渡时期,暂定",▲
interior,"a.内部的,里面的 n.内部,内地",
intermediate,"a.中间的,居间的;中级的 n.中间体,媒介物",▲
intermittent,"a.间歇的,断断续续的",▲
internal,"a.内部的,内的;国内的,内政的",
interpret,"vt.解释,说明;口译",
interrupt,"v.中断,遮断,阻碍;打断(话),打扰",
intersection,n.相交，交叉；道路交叉口，十字路口,
interval,"n.间隔,间歇;(幕间或工间)休息",▲
intervene,"v.(in)干涉,干预;插入,介入",
interview,"v./n.接见,会见;采访;面试",
intimate,"a.亲密的,密切的 n.熟友,熟人",▲
intimidate,vt.胁迫，威胁(某人做某事),▲
intricate,"a.复杂的,错综的,难以理解的",▲
intrigue,"n.阴谋v.密谋,私通;激起…的兴趣;诡计取得",▲
intrinsic,a.(指价值、性质)固有的，本质的，内在的,▲
introduction,"n.(to)介绍;传入,引进;导言,导论,绪论",
intrude,"vi.闯入,侵入vt.把(思想等)强加于人;强挤入",△
intuition,n.直觉，直观；凭直觉而知的事物,▲
invade,"vt.入侵,侵略,侵袭,侵扰",△
invalid,"n.病人,伤残人 a.有病的,伤残的;无效的",
invaluable,"a.非常宝贵的,无价的",
invariably,ad.不变地，永恒地，总是,△
invasion,"n.入侵,侵略,侵犯",
inventory,"n.详细目录,存货,财产清册,总量",▲
inverse,"a.相反的,倒转的,反转的 n.相反之物 v.倒转",
invert,"v.倒置,倒转,颠倒",
invest,"vt.投资,投入(精力、时间等)",
investigate,"v.调查,调查研究",
investment,"n.投资,投资额",
invisible,"a.看不见的,无形的",
involve,"v.卷入,陷入,连累;包含,含有,涉及",
irony,"n.反话, 讽刺, 讽刺之事",▲
irrespective,"a.不顾的,不考虑的,无关的",△
irrigate,vt.灌溉，修水利 vi.进行灌溉,△
irritate,"vt.激怒,恼火,使急躁",△
isle,n.小岛(用于诗歌中),△
isolate,"vt.隔离,孤立",
issue,"n.问题,争端,发行(物),期号 vt.发行,流出",△
item,n.条(款)，项目；一则(新闻)，(戏剧的)节目,△
jargon,n.行话,▲
jaw,"n.颌,颚",△
jealous,"a.(of)妒忌的;猜疑的,警惕的",
jet,"n.喷气发动机,喷气式飞机;喷口 v.喷出,喷射",
jewel,"n.宝石,宝石饰物",
jog,v.慢跑,▲
joint,"n.接合处,接头;关节a.联合的,共同的,连接的",
jolly,"a.欢乐的,高兴的",▲
journal,"n.定期刊物,杂志,日报;日志,日记",
journalist,"n.记者,新闻工作者",
judgement,"n.(judgment)审判,判决;判断(力);看法,意见",
judicial,a.司法的，法庭的，审判的；明断的，公正的,▲
jug,n.(有柄，小口，可盛水等的)大壶，罐，盂,▲
junction,"n.连接,接合,交叉点,枢纽站,接头,中继线",
jungle,"n.丛林,生死地带",▲
junior,"a./n.年少的/者,三年级的/学生,下级(的)",
junk,n.废物，旧货；舢板,▲
jury,n.陪审团;全体评审员,▲
justice,"n.公正,公平;审判,司法",
justify,v.证明...正当(或有理、正确)，为...辩护,
juvenile,"n.青少年,少年读物 a.青少年的, 幼稚的",▲
keen,"a.锋利的;敏锐的;敏捷的;(on)热心的,渴望的",▲
kettle,n.水壶,▲
kidnap,vt.诱拐；绑架，劫持,
kidney,"n.肾,肾脏",
kin,"n.家族,亲属,血缘关系 a.亲属关系的,同类的",▲
kindergarten,n.幼儿园,▲
kingdom,"n.王国,领域",
kit,"n.成套工具,用具包,工具箱",△
knit,"v.编织,编结;接合,粘合",▲
knob,"n.门把,(球形)把手,旋纽",△
knot,n.(绳)结;(树)节;节(=海里/小时) v.打结,▲
label,n.标签 v.把...称为；用标签于；用标签标明,
laboratory,n.实验室研究室,
lace,"n.花边;带子,鞋带 v.系带,扎带",▲
lad,"n.男孩,小伙子",▲
lag,"v./n.落后,滞后 vt.用隔热材料覆盖(锅炉等)",▲
lamb,"n.羔羊,小羊;羔羊肉",▲
lame,"a.跛的,(辩解、论据等)无说服力的",▲
landlord,"n.房东,地主",
lane,"n.小路,小巷,行车道",▲
lantern,"n.灯,灯笼",▲
lap,"n.大腿,(跑道的)一圈,一段路程,工作阶段",
lapse,"n.失误,流逝,丧失,下降 v.失效,偏离,流逝",△
laptop,n.膝上型电脑,
largely,"ad.主要地,基本上;大量地,大规模地",
laser,n.激光,
latent,"a.潜在的,潜伏的,不易察觉的",▲
lateral,"n.侧面的,旁边的",▲
latitude,"n.纬度,行动或言论的自由(范围),(pl.)地区",
latter,a.后者的；后一半的，接近终了的 n.后者,▲
launch,"v.发射;使(船)下水,发动,开展 n.发射,下水",
laundry,"n.洗衣房(店);待洗衣物,所洗衣物",△
lavatory,"n.厕所,盥洗室",▲
lawn,"n.草地,草坪",▲
layer,n.层，层次；铺设者,
layman,n.外行,▲
layoff,"n.临时解雇,操作停止,活动停止期间,失业期",▲
layout,n.安排，布局，设计；规划图，布局图,▲
leading,"a.领导的,指导的;第一位的;最主要的",
leaflet,"n.小叶,嫩叶;传单,活页",△
lean,"v.倾斜,屈身;倚,靠,依赖 a.瘦的,无脂肪的",▲
leap,"v.跳,跳跃 n.跳跃,飞跃",▲
learned,"a.博学的,有学问的",
lease,"vt.出租,租用 n.租借,租期,租赁物",▲
leather,"n.皮革,皮革制品",
legacy,n.遗产，遗赠；先人(或过去)留下的东西,▲
legal,"a.法律的,法定的;合法的,正当的",
legend,"n.传说,传奇",
legislation,n.法律(规)；立法，法律的制定(或通过),▲
legitimate,a.合法的; 合理的; 嫡出的；vt.使合法,▲
leisure,"n.空闲,闲暇;悠闲,安逸",
lens,"n.透镜,镜头",
lest,"conj.惟恐,免得",▲
lever,"n.杆,杠杆,手段,途径,工具",▲
levy,"n.征收,征税,征兵 v.征收,征集,征用,扣押",▲
liability,"n.责任,义务;(pl.)债务",
liable,a.有...倾向的；可能遭受...的；有责任的,▲
liberal,"a.慷慨的,大方的;富足的;自由的,思想开放的",△
liberty,n.自由，自由权；特权,
librarian,n.图书管理员,
license,"n.(licence)许可证,执照 v.准许,认可",
lick,vt.舔；(火焰或浪)掠过；打败 n.舔；少量,▲
lid,n.盖,
lightning,"n.闪电 a.闪电般的,快速的",△
likelihood,n.可能性,
likely,"a.很可能的,有希望的 ad.大概,多半",
likewise,"ad.同样地,照样地;又,也,而且",
limb,"n.肢,翼,大树枝",▲
limitation,"n.限制,局限性",
limited,"a.有限的,被限制的",
limp,"a.柔软的,易曲的 v./n.蹒跚,跛行",▲
linear,a.线的，直线的，线状的；长度的；线性的,
linen,"n.亚麻布,亚麻布制品      【习】家丑不可外扬 ",▲
liner,"n.班机,定期轮船,邮船",▲
linger,"v.逗留,徘徊,拖延,留恋,浪费光阴,苟延残喘",▲
linguistic,a.语言的，语言学的,
link,"v.连接,联系 n.环节,链环",
liquid,"n.液体 a.液体的,液态的",
liquor,n.酒；溶液，液剂,▲
literacy,"n.有文化,有教养,有读写能力",
literally,"ad.照字面意义,逐字地；确实,简直",△
literary,"a.文学上的,文学的;精通文学的,从事写作的",△
literature,"n.文学,文学作品,文献,图书资料,印刷品",
litre,n.(liter)升；公升(容量单位),
litter,"n.垃圾,(杂乱的)废物 v.使杂乱,乱丢",▲
liver,"n.肝,肝脏",
loaf,"n.一个面包,块,游荡；v.游荡, 虚度光阴",▲
loan,"n.贷款;出借,借出 v.借出",
lobby,"n.门廊,门厅,(会议)休息厅；v.游说议员",▲
locality,"n.位置,地点",
locate,"v.查出,探出,查找…地点,使…坐落于,位于",
location,"n.位置,场所,定位,测位",
locker,"n.更衣箱,柜,抽屉",▲
locomotive,"n.机车,火车头 a.运动的,移动的,运载的",▲
lodge,"v.临时住宿,寄宿,寄存,容纳n.传达室,小旅馆",△
lofty,a.崇高的，高尚的；高傲的；极高的,▲
log,"n.原木,圆木;航海日志",▲
logic,"n.逻辑,逻辑学",
logical,"a.逻辑的,符合逻辑的",
longitude,n.经度,
loom,"n.织布机,织机 v.隐现,(危险、忧虑等)迫近",▲
loop,"n.圈,环",△
loose,a.(宽)松的；不精确的；自由的，散漫的,△
loosen,"v.解开,放松",
lord,"n.(Lord)上帝,主;主人,长官,君主,贵族",△
lorry,"n.卡车,运货汽车",▲
lottery,n.抽彩；碰运气的事，难于算计的事,△
lounge,"n.休息室,起居室,客厅；v.闲逛,躺卧, 虚度光阴",▲
loyal,"a.(to)忠诚的,忠贞的",▲
loyalty,"n.忠诚,忠心",△
lubricate,"v.润滑,加润滑油,行贿,收买",▲
luggage,"n.行李,皮箱",△
lumber,"n.木材,木料；v.采伐; 堆积; 缓慢的移动",▲
lump,"n.团,块 v.(使)成团,(使)成块",▲
lunar,a.月亮的,△
lung,n.肺,
lure,"n.吸引力,魅力,诱惑物 vt.引诱，吸引",▲
luxury,"n.奢侈,华贵;奢侈品 a.奢华的,豪华的",
machinery,"n.(总称)机器,机械",
magic,"n.魔术,魔(魅)力,巫术 a.有魔力的,魔术的",
magistrate,n.地方行政官，地方法官，治安官,▲
magnet,"n.磁体,磁铁",△
magnetic,"a.磁的,有磁性的;有吸引力的",
magnificent,"a.华丽的,高尚的,宏伟的",△
magnify,"vt.放大,扩大,夸大,夸张",
magnitude,"n.大小,数量;巨大,广大",△
maid,"n.少女,处女,女仆",▲
maiden,"n.少女,处女 a.未婚的,纯洁的,无经验的",▲
mainland,"n.大陆,本土",△
maintain,"v.维修,保养,维持,供养,坚持,主张,支持",
maintenance,"n.维修,保养,维持,保持,生活费用",
majesty,"n.雄伟,壮丽,庄严,威严;最高权威,王权",▲
majority,"n.多数,大多数,成年,法定年龄",
malignant,a.恶性的，致命的；恶意的，恶毒的,▲
mammal,n.哺乳动物,▲
management,"n.经营,管理;处理,操纵;管理部门",
maneuver ,"v. 演习,运动,巧妙地引导某人(物); n.演习,换防",▲
manifest,"v.表明,证明,显示 a.明白的,明了的; n.旅客名单",▲
manipulate,vt.(熟练地)使用，操作；(巧妙地)处理,
manner,"n.方式;举止;(pl.)风度,礼貌;规矩;风俗",
manual,"a.手的,手工做的,体力的 n.手册,指南",
manufacture,"v.制造,加工 n.制造,制造业;产品",
manuscript,"n.手稿,原稿",△
marble,"n.大理石,云石;弹球",▲
margin,n.页边空白;边缘;余地;幅度,▲
marine,"a.海的,海生的;船舶的,航海的",
marital,"a.婚姻的,夫妻之间的",▲
marvelous,"a.(marvellous)惊人的,奇迹般的,妙极的",▲
Marxist,a.马克思主义的 n.马克思主义者,
masculine,"a.男性的,似男性的;［语］阳性的 n.男子,男孩",▲
mask,"n.面具,面罩,口罩;假面具,伪装 v. 掩饰,化装",▲
mass,"n.大量,众多;团,块;(pl.)群众,民众;质量",
massacre,"vt.残杀,集体屠杀 n.残杀,大屠杀",▲
massive,"a.大而重的,厚实的,粗大的;大规模的,大量的",△
master,"n.男主人;师傅;硕士 v.精通,控制 a.主要的",
masterpiece,"n.杰作,名著",△
mat,"n.席子,垫子",▲
mathematical,a.数学的；数学上的,
mature,"a.成熟的,熟的;成年人的 v.(使)成熟",
mayor,n.市长,▲
meadow,"n.草地,牧场",▲
meantime,"n.(meanwhile)其间,其时 ad.同时,当时",
mechanic,"n.技工,机修工",▲
mechanical,"a.机械的,由机构制成的;机械似的,呆板的",
mechanism,"n.机械装置,机构;机制",
medal,"n.奖章,勋章,纪念章",
medieval,"a.中世纪的,中古(时代)的,老式的,原始的",▲
meditate,"v.想,考虑,(尤指宗教上的)沉思,冥想",▲
medium,"n.(pl.media)媒体,方法,媒介,介质 a.中等的",
melody,n.旋律，曲调；悦耳的音乐,
melon,n.甜瓜,
melt,"v.(使)融化,(使)熔化",
memo,n.(memorandum)备忘录,▲
memorial,"a.记忆的,纪念的 n.纪念物,纪念碑,纪念馆",
memory,"n.记忆,记忆力;回忆;存储(器)",
menace,vt./n.有危险性的人(或物)；威胁，威吓,▲
merchandise,"n.商品,货物",▲
merchant,"n.商人,零售商",▲
mercury,"n.水银,汞",
mercy,"n.仁慈,怜悯,宽恕",
mere,"a.纯粹的;仅仅,只不过",△
merely,adv.仅仅，只不过,
merge,v.(使)结合，(使)合并，(使)合为一体,△
message,"n.消息,信息,通讯,启示,教训,广告词,预言",
metaphor,n.隐喻，暗喻,▲
metric,"a.米制的,公制的",
metropolitan,"a.首都的,主要都市的,大城市",▲
microphone,"n.话筒,扩音器",
microscope,n.显微镜,
midst,"n.中间,当中",
migrate,"v.迁移,移居(国外)",
mild,"a.温和的,轻微的,味淡的,不含有害物质的的",▲
militant,a.好战的，富于战斗性的 n.斗士,
military,"a.军事的,军用的,军队的",
mill,"n.磨粉机,磨坊;作坊,工厂；v.研磨,搅拌",▲
millionaire,n.百万富翁,
mingle,v.(使)混合,▲
miniature,"n.缩小的模型,缩图 a.微型的,缩小的",△
minimize,"v.(minimize)使减少到最少,使降到最低",
minimum,"n.最小值,最低限度 a.最小的,最低的",
ministry,n.(政府的)部;牧师,
minor,"a.较小的,较小的 n.兼修学科 ;未成年 v.(in)兼修",
minority,"n.少数,少数派,少数民族",△
minus,"a.负的,减的 prep.减去 n.负号,减号",▲
miracle,"n.奇迹,令人惊奇的人(或事)",
mischief,"n.损害,伤害,危害;恶作剧,胡闹;灾祸",▲
miserable,"a.痛苦的,悲惨的",
misery,"n.痛苦,悲惨,不幸",△
misfortune,"n.不幸,灾祸,灾难",△
mislead,"v.把…带错路,使误入岐途",
missile,"n.导弹,发射物",
mission,"n.使命,任务;使团,代表团",
missionary,a.教会的，传教(士)的 n.传教士,▲
mist,"n.薄雾,霭",▲
misunderstand,"v.误解,误会",
mixture,"n.混合;混合物,混合剂",
mo(u)ld ,"n.模子,铸造; 霉菌,松软泥土; vt.浇铸造型,塑造形成",▲
moan,"n.呻吟声,悲叹声 v.呻吟,抱怨,悲叹",▲
mob,n.乌合之众(尤指暴力者) vi.围攻，聚众闹事,▲
mobilize,"v.(mobilise)动员,赋予可动性",▲
mock,"v.嘲笑,愚弄; a.假的,模拟的 n.(常pl.)模拟考试",▲
moderate,"a.有节制的,中等的,适度的,温和的,稳健的",△
modest,a.谦虚的; 有节制的; 谨慎的,▲
modify,"v.更改,修改,修饰",
module,n.组件，模块，模件；(航天器的)舱,
moist,"a.潮湿的,湿润的,多雨的",
moisture,"n.潮湿,湿气,湿度",
molecule,n.分子,
momentum,"n.动力,要素",▲
monarch,n.帝王，君主，最高统治者           →君主立宪,▲
monetary,"a.金融的,货币的",▲
monopoly,"n.垄断,专卖,专利权,专利事业",▲
monotonous,"a.单调的,无变化的",▲
monster,"n.怪物,妖怪,畸形的动植物",
monument,"n.纪念碑,纪念馆,遗迹,不朽的业绩",
mood,"n.心情,情绪;语气",△
moral,"a.道德(上)的,精神上的 n.寓意,教育意义",
morality,"n.道德,美德",
moreover,"conj./ad.再者,加之,而且",▲
mortal,a.致命的;终有一死的;人世间的 n.凡人,▲
mortgage,n./v.抵押(借款),▲
mosaic,n.马赛克;镶嵌体,▲
mosquito,n.蚊子,
moss,"n.苔,藓,地衣",▲
motion,"n.运动,动;提议,动议 v.提议,动议",
motivate,vt.促动；激励，鼓励，作为…的动机,△
motive,"n.动机,目的 a.发动的,运动的",
mount,"v.登上;安装 n.支架,底板;(用于山名前)山峰",
mourn,"v.哀悼,忧伤,服丧",▲
mug,n.(有柄的)大茶杯,▲
multiple,"a.多样的,多重的 n.倍数 v.成倍增加",
multiply,"v.(by)乘,使相乘;倍增,增加,繁殖",▲
multitude,"n.众多,大量",▲
municipal,"a.市的,市政的;市立的;地方性的,地方自治的",▲
murmur,"v./n.小声说(话);小声抱怨,咕哝",▲
muscle,"n.肌肉,体力",
mushroom,"n.蘑菇 vt.迅速生长,迅速增加,采蘑菇",△
mute,"a.哑的,缄默的n.哑巴;弱音器v.减弱…的声音",
mutter,"n.喃喃而语,小声低语;抱怨 v.低声说,抱怨",▲
mutton,n.羊肉,
mutual,a.相互的，彼此的；共同的，共有的,△
myth,n.神话;虚构的理论,▲
naive,a.天真的,△
naked,"a.裸体的,无遮敝的,无掩饰的",
namely,"ad.即,也就是",▲
nap,"n.小睡,打盹",▲
napkin,"n.餐巾,餐巾纸,<英>尿布",▲
narrative,a.叙述性的 n.叙述,▲
nasty,"a.肮脏的,卑劣的,下流的;令人厌恶的",▲
nationality,"n.国籍,民族",
naval,"n.海军的,军舰的",▲
navigation,"n.航海,航空;导航,领航",
navy,n.海军（常大写 Navy）,▲
necessitate,"v.需要,使成为必要",△
necessity,"n.必要性,需要;必然性;(pl.)必需品",
necklace,n.项链，项圈,
negative,"a.否定的,消极的,阴性的 n.负数;(摄影)底片",
neglect,"v./n.忽视;疏忽,漏做,忽略",
negligible,a.可忽略不计的，微不足道的,▲
negotiate,v.商订；谈判，洽谈，交涉,
nerve,"n.神经;勇敢,胆量",△
nest,"n.窝,巢 v.筑巢",
neutral,"a.中立的;中性的,中和的",▲
nevertheless,"conj.(nonetheless)然而,不过 ad.仍然,不过",
nickel,n.镍;镍币;五美分,
nickname,n.绰号，浑名vt.给…起绰号,▲
niece,"n.侄女,甥女",▲
nightmare,n.恶梦；可怕的事物，无法摆脱的恐惧,
nitrogen,n.氮,
nominal,"a.名义上的;(金额,租金)微不足道的",▲
nominate,"v.提名,任命",▲
nonetheless,ad.虽然如此，但是,▲
norm,"n.准则,规范,平均数",▲
normalization,"n.(normalisation)正常化,标准化",△
notable,"n.值得注意的,显著的,著名的",△
noticeable,"a.显而易见的,值得注意的,重要的",△
notify,"v.通知,告知,报告",
notion,"n.概念,想法,意念,看法,观点",△
notorious,"a.臭名昭著的,声名狼藉的",▲
notwithstanding,prep./ad./conj.尽管,▲
nourish,"v.提供养分,养育,怀有(希望,仇恨等)",
novel,"n.(长篇)小说 a.新奇的,新颖的",
novelty,"n.新奇,新颖,新奇的事物",▲
nowhere,"ad.任何地方都不,没有地方",
nuclear,"a.核心的,中心的;原子核的,核能的",
nucleus,"n.(pl.nuclei)核,核心,原子核",
nuisance,n.讨厌的人(或东西);麻烦事,▲
numb,"a.麻木的,失去感觉的 v.使麻木",▲
numerical,a.数字的，用数字表示的，数值的,
numerous,"a.众多的,许多的,大批的",
nursery,n.托儿所,▲
nurture,"n./v.养育,教育,教养 n.营养品v.给与营养物",
nutrition,"n.营养,营养学",
nylon,n.尼龙,
oak,"n.橡树,橡木 a.橡木的",▲
oar,"n.桨,橹 v.划,划动,划行",▲
oath,"n.誓言,誓约,诅咒",▲
obedience,"n.服从,顺从",▲
obedient,"a.服从的,顺从的",▲
objection,"n.(to)反对,异议,不喜欢,反对的理由",
objective,"n.目标,目的 a.客观的,真实的",△
oblige,"v.强迫,迫使;责成;(使)感激,施恩于",
obscure,"a.暗的,朦胧的;模糊的,晦涩的",△
observation,"n.观察,观测,监视;(pl.)观察资料;观察力",
observe,"v.观察,观测,注意到,监视,遵守,评述,说",
obsession,"n.迷住, 困扰                             →v.obsess",▲
obsolete,"a.已废弃的,过时的",▲
obstacle,"n.障碍(物),妨碍,阻碍,干扰",△
obstruct,"v.阻隔,阻塞(道路、通道等)n.阻碍物,障碍物",▲
obstruction,"n.妨碍,障碍物",▲
obtain,"v.获得,得到",
occasion,"n.场合,时节,时刻;时机,机会",
occasional,"a.偶然的,非经常的,特殊场合的;临时的",
occupation,"n.占领,占据;占用;职业,工作",
occupy,"v.占,占用;占据,占领;使忙碌,使从事",
odd,a.奇数的;奇怪的;单只的;临时的;带零头的,
odds,"n.不平等,差异;机会                 at ～   争执",▲
odor,"n.(odour)气味,香味,臭味,名声",▲
offend,"v.犯罪,冒犯,违反,得罪,使...不愉快",△
offensive,"a.冒犯的,攻击的 n.攻势,进攻",▲
offset,"n.分支,补偿 v.抵消,补偿",△
offspring,"n.子孙,后代;结果,产物",△
omit,"v.省略,删去;遗漏,忽略",△
onion,n.洋葱,△
opaque,"a.不透明(光)的;难理解的,晦涩的",▲
operational,"a.操作的,运转的,起作用的,经营的",
operator,"n.操作人员,(电话)接线员",
opponent,"n.对手,反对者,敌手 a.对立的,对抗的",
oppose,"v.反对,使对立,使对抗,使相对",
oppress,"v.压迫,压制",
opt,vi.抉择，选择,▲
optical,"a.眼的,视力的;光学的",
optimistic,a.乐观主义的,
optimum,a.最适宜的 n.最适宜(条件),
option,"n.选择(权),",
orbit,n.轨道 v.(使)沿轨道行,▲
orchard,"n.果园,果园里的全部果树,<美俚>棒球场",▲
orchestra,n.管弦乐队,▲
orderly,"a.整齐的,有秩序的,有条理的 n.勤务兵",△
ore,"n.矿石,矿砂",▲
organ,"n.器官;机构,机关;风琴",△
organic,a.器官的;有机的;有机体的,
organism,n.生物，有机体,
organization,"n.(organization)组织,团体,机构",
organize,"v.(organise)组织,编组",
orient,"n.东方,亚洲 v.使朝东,为…定位,使适应",
oriental,"a.东方的,东方诸国的 n.东方人",
orientation,"n.方向,方位,定位,倾向性,向东方",
origin,"n.起源,由来;出身,来历",
original,"a.最初的,原文的;新颖的 n.原物,原作,原文",
originate,"v.(in,from)起源,发生;首创,创造",
ornament,"v.装饰,美化 n.装饰,装饰物",▲
orphan,n.孤儿,
orthodox,"a.传统的,正统的,习惯的,保守的,东正教的",▲
outbreak,"n.(战争,愤怒,火灾等的)爆发,(疾病的)发作",
outcome,"n.结果,成果",▲
outer,"a.外部的,外面的,外层的",
outfit,"n.用具,机构,全套装配 v.配备,(得到)装备",▲
outing,"n.外出,旅行,散步",△
outlet,"n.出路,出口;销路,市场;发泄方法;电源插座",△
outline,"n.轮廓,略图;大纲,梗概 v.概述,略述     in ～",
outlook,"n.景色,风光;观点,见解;展望,前景",△
output,"n.产量,输出(量)",
outrage,"n.暴行,侮辱,愤怒 v.凌辱,引起…义愤,强奸",▲
outset,"n.开始,开端",
outskirts,n.郊区,▲
oval,a.卵形的，椭圆形的 n.卵形，椭圆形,▲
overall,"a.全面的,综合的 n.(pl.)(套头)工作服",△
overcome,"v.战胜,克服",
overflow,"v.(使)外溢,(使)溢出;溢出,流出,漫出",
overhead,a.在头顶上的;架空的 ad.在头顶上,
overhear,"v.偶然听到,从旁听到",▲
overlap,"v.重叠,与…交叠 n.重叠",
overlook,"v.看漏,忽略;俯瞰,眺望;宽容,放任",▲
overnight,"a.通宵的,晚上的 ad.在昨夜,一夜工夫,突然",
overpass,"n.过街天桥 vt.胜过,通过,忽视",△
overseas,"a.外国的,海外的 ad.在海外",
overtake,"v.追上,超过；突然降临,压倒",▲
overthrow,"v./n.推翻,颠覆",
overtime,"a.超时的,加班的 ad.加班",
overturn,"n.倾覆,破灭,革命 v.打翻,推翻,颠倒,翻倒",△
overwhelm,"v.淹没,覆没,压倒,制服,使不知所措",△
overwhelming,"a.势不可挡的,压倒的",
owing,"a.欠的,未付的",▲
ownership,"n.所有(权),所有制",
oxide,n.氧化物,
ozone,n.臭氧；(海岸等的)新鲜空气,▲
pace,"n.步,步伐,步调,速度 v.踱步,用步测",△
package,"n.包装,包裹,箱,包装费,标准部件,成套设备",
pact,"n.合同,条约,公约,协定",▲
pad,"n.垫,衬垫;便笺簿 v.加上衬垫",
paddle,n.桨 v.用桨划,▲
pail,"n.桶, 提桶; 一桶的量",▲
palm,"n.手掌,掌状物,棕榈vt.与…握手,藏…于掌中",
pamphlet,n.小册子,▲
panel,"n.面,板;控制板,仪表盘;专门小组",
panic,"n./a.恐慌(的),惊慌(的) vt.使惊慌,使害怕",▲
panorama,"n.全景,全景画,全景摄影,全景照片",▲
pant,"n.喘气 v.喘,气喘吁吁地说",△
paperback,n.平装本，简装本,▲
parachute,n.降落伞(～ troops 伞兵)；v.跳伞,▲
parade,"n./v.游行,夸耀n.检阅,阅兵式v.使列队行进",△
paradise ,n.天堂,
paradox,"n.似非而是的话,自相矛盾的话,反论",▲
paragraph,"n.段,节;小新闻,短评",
parallel,"a.平行的,相同的,类似的n.平行线,类似,对比",
paralyze,v.(paralyse)使瘫痪(麻痹);使丧失作用,▲
parameter,"n.参数,参量",
parasite,"n.寄生虫,食客",▲
parcel,"n.包裹,邮包,部分 v.打包,捆扎,分配",△
parliament,"n.国会,议会",△
partial,"a.部分的,不完全的;偏袒的,不公平的,偏爱的",▲
participant,"n.参加者,参与者 a.有份的,参与的",
participate,"v.(in)参与,参加;分享,分担;含有,带有",
particle,"n.粒子,微粒;极小量;小品词,虚词",
passer-by,n.(pl.passers-by)过路人,△
passion,"n.热情,激情,爱好;激怒;强烈感情",
passive,"a.被动的,消极的",▲
passport,"n.护照,达到某种目的的手段",
paste,"n.糊,浆糊 v.粘,贴",
pastime,"n.消遣,娱乐",▲
pasture,"n.牧草地,牧场",▲
pat,"v./n.轻拍,轻打,抚摸",▲
patch,"n.补丁,斑点,碎片小块 v.补,修补,掩饰",
patent,"a.专利的,特许的n.专利(权、品)v.批准专利",
pathetic,"a.可怜的, 悲惨的",▲
patriotic,a.爱国的,▲
patrol,v.巡逻，巡查 n.巡逻，巡查；巡逻队,
patron,n.赞助人；资助人；老顾客，老主顾,▲
pattern,"n.模式,式样;图案,图样 v.仿制,模仿",△
pave,"v.铺砌,铺(路)",▲
pavement,n.人行道,△
payment,"n.支付,付款额",
peak,"n.山顶,最高点;峰,山峰 a.高峰的,最高的",
peanut,n.花生,▲
pearl,n.珍珠,
pebble,n.卵石,▲
peculiar,"a.古怪的,异常的;特殊的,特有的",△
pedal,"n.踏板 v.踩踏板,骑自行车",▲
pedestrian,"n.步行者 a.徒步的,呆板的,通俗的",▲
peel,"v.削皮,剥皮 n.果皮",▲
peep,"v.偷看,窥视",▲
peer,"n.同辈,同等地位的人;贵族 v.凝视,隐约出现",▲
penalty,"n.处罚,刑罚,惩罚,罚金",△
pendulum,"n.摆,钟摆",▲
penetrate,"v.穿过,渗入,看穿",
peninsula,n.半岛,▲
pension,"n.养老金,年金",▲
pepper,"n.胡椒粉,胡椒;辣椒",△
perceive,"v.察觉,感知;理解,领悟",
percentage,"n.百分数,百分率,百分比",
perform,"v.履行,执行;表演,演出;完成(事业)",
performance,"n.履行,执行;表演,演出;性能,特性;成绩",
perfume,"n.香味,芳香;香料 v.使发香,洒香水于",△
periodical,"n.期刊,杂志 a.周期的,定期的",▲
perish,"v.丧生;凋谢;毁灭,消亡",▲
permanent,"a.永久的,持久的",
permeate,v.弥漫，遍布，散布；渗入，渗透,▲
permission,"n.允许,同意",
permit,"v.许可,允许 n.许可证,执照",
perpetual,"a.永久的,永恒的,长期的",▲
perplex,"v.使困惑,使费解,使复杂化（常用被动语态）",▲
persecute,"v.迫害,惩罚; 烦扰,困扰",▲
persevere,"v.坚持,坚忍,不屈不挠",▲
persist,"v.(in)坚持,持续",
personality,"n.人格,个性",
personnel,"n.全体人员,全体职员;人事(部门)",△
perspective,"n.透视画法,透视图;远景,前途;观点,看法",▲
persuasion,"n.说服,说服力",
pessimistic,a.悲观(主义)的,▲
pest,n.害虫,
petition,"n.请愿书,申请书 v.(向…)请愿,正式请求",▲
petrol,n.汽油,
petroleum,n.石油,
petty,"a.小(器、规模)的,不重要的,细微的,卑鄙的",▲
pharmacy,"n.药房,药剂学,制药业,配药业,一批备用药品",
phase,"n.阶段,状态,时期;相,相位",△
phenomenon,"n.现象,稀有现象,珍品,奇迹,杰出人才",
philosopher,"n.哲学家,哲人",
philosophy,"n.哲学,哲理,人生观,价值观,世界观",
phrase,"n.短语,词语,习语",△
physical,"a.物质的;肉体的,身体的;自然科学的,物理的",
physician,n.内科医生,△
physiological,"a.生理学的, 生理学上的",△
pierce,"v.剌穿,刺破",
pigeon,n.鸽,
pilgrim,"n.(在国外)旅游者;朝圣者,最初的移民",▲
pillar,"n.柱,台柱,栋梁",▲
pillow,n.枕头,△
pinch,"v.捏,掐,拧;收缩;紧急关头;匮乏;压力",▲
pine,n.松树,
pint,n.品脱,▲
pirate,"n./v.海盗,盗版(者)",▲
pistol,n.手枪,△
piston,n.活塞,△
pit,"n.坑,陷阱;煤矿,矿井",▲
pitch,"n.沥青;掷;斜度；v.用沥青覆盖;投掷,扔;扎营",▲
plague,"n.瘟疫,灾害,麻烦,苦恼 vt.折磨,使苦恼",▲
planet,n.行星,
plantation,n.种植园,
plaster,n.灰泥;熟石膏;膏药,▲
plastic,"n.(常pl.)塑料,塑料制品 a.可塑的,塑性的",
plateau,"n.高原,平稳状态",▲
platform,"n.平台,台;站台,月台;政纲,党纲",
plausible,"a.似是而非的,似乎合理的,似乎可信的",▲
plea,n.(法律)抗辩；请求，恳求，托词，口实,▲
plead,"v.恳求,请求;为…辩护;提出…为理由",▲
pledge,n.誓约;保证;抵押品 v.发誓;保证;抵押,▲
plentiful,"a.富裕的,丰富的",
plight,"n.情况,状态,困境,盟誓(婚姻) v.保证,约定",▲
plot,"n.秘密计划;情节 v.标绘,绘制;密谋,策划",
plug,"n.塞子,插头 v.堵,塞,插上,插栓",
plumber,n.(装修水管的)管子工,▲
plunge,"v.(into)(使)投入/插进,陷入;猛冲；n.跳进,投入",▲
plus,"prep.加上 a.正的,加的 n.加号,正号",
pneumonia,n.肺炎,
poetry,"n.诗歌,诗集",
poke,"n.刺,戳,懒汉,袋子 v.戳,刺,伸出,刺探,闲荡",▲
polar,"a.两极的,极地的,南辕北辙的 n.极线,极面",
policy,"n.政策,方针",
polish,"v.磨光,擦亮;使优美,润饰 n.擦光剂,上光蜡",▲
poll,n.民意测验;(pl.)政治选举 v.获得…选票,▲
ponder,"v.沉思,考虑",▲
pope,"n.罗马教皇,主教,大腿上要害部位",▲
porcelain,"n.瓷器 a.精制的,瓷器的",▲
porch,"n.门廊,入口处",▲
portable,"a.轻便的,手提(式)的,可移动的",
porter,"n.守门人,门房,行李搬运工,服务员",▲
portion,"n.一部分,一份",△
portrait,"n.肖像,画像",△
portray,v.描写，描述；画(人物、景象等),
pose,"n.姿势,姿态 v.造成,提出,摆姿势,佯装",
positive,"a.肯定的,积极的,绝对的,无疑的,正的",
possess,"v.占有,拥有",
possibility,"n.可能,可能性;可能的事,希望",
postage,"n.邮费,邮资",
poster,"n海报,张贴的大幅广告",△
postpone,"v.推迟,延期; 放在次要位置, 置…于从属地位",▲
posture,"n.姿势,姿态,心态,态度 v.作出某种姿势",▲
potential,"a.潜在的,可能的 n.潜能,潜力",
poultry,n.家禽,▲
poverty,"n.贫穷,贫困",
powder,"n.粉末,药粉;火药,炸药",
powerful,"a.强大的,有力的,有权的",
practically,"ad.几乎,实际上,简直",
practitioner,n.实践者，从事者；(医生或律师等)开业者,△
pray,"v.请求,恳求;祈祷,祈求",
prayer,"n.祈祷,祷告,祷文",△
preach,"v.宣讲(教义),布道;竭力鼓吹,宣传;说教",▲
precaution,"n.预防,谨慎,警惕",
precede,"v.领先(于),在(…之前);优先,先于",▲
precedent,n.先例,△
preceding,"a.在前的,在先的",△
precious,"a.珍贵的,贵重的",
precise,"a.精确的,准确的",
precision,"n.精确,精确度",
preclude,"v.排除,阻止,妨碍; 预防",▲
predecessor,n.前辈，前任,▲
predict,"v.预言,预测,预告",
predominant,"a.(over)占优势的;主要的,突出的",
preface,"n.序言,引言,前言 v.作序,写前言",△
preferable,"a.(to)更可取的,更好的",△
preference,"n.(for,to)偏爱,喜爱;优惠;优先选择",
pregnant,"a.怀孕的,孕育的,充满的,意味深长的",
prejudice,"n.偏见,成见;损害,侵害 v.使抱偏见,损害",▲
preliminary,"a.预备的,初步的;n.开端；初赛；序言",▲
premier,"n.首相,总理",△
premise,"n.前提,房屋连地基v.提论,预述,假定",▲
premium,"n.额外费用,奖金,奖赏,保险费；a.质优价高的",▲
preparation,"n.准备,预备;制剂,制备品",
preposition,n.介词,△
prescribe,"v.指示,规定;处(方),开(药)",
presence,"n.出席,到场,存在,在",
preserve,"v.保护,维持;保存,保藏",
preside,"v.(at,over)主持; 管辖; 领奏",▲
pressure,"n.压,压力,压迫,强制,紧迫,困苦,困难",
prestige,"n.声望,威望,威信",▲
presumably,"ad.推测起来,大概",
presume,"v.假定,假设,认为,揣测,滥用,擅自行动",△
pretext,"n.借口,托词",▲
prevail,"v.(over,against)取胜,占优势;流行,盛行",
prevalent,"a.流行的,普遍的",△
previous,"a.先前的,以前的",
prey,"n.被掠食者,牺牲者,掠食 v.捕食,掠夺,折磨",▲
prick,"n./v.刺伤,刺痛,刺孔；站直, 竖起",▲
priest,"n.教士,神父",▲
primary,"a.最初的,初级的;首要的,主要的,基本的",
prime,"a.首要的;最好的,第一流的 n.青春,全盛期",
primitive,"a.原始的,远古的,早期的;粗糙的,简单的",
principal,"a.最重要的,主要的n.负责人,校长;资本,本金",▲
principle,"n.原理,原则;主义,信念",
prior,"a.优先的,在前的;(to)在…之前",
priority,"n.先,前;优先,重点,优先权",
privacy,n.(不受干扰的)独处，自由，隐私；私生活,△
privilege,"n.特权,优惠,特许 v.给予优惠,给予特权",▲
probability,"n.可能性,或然性,概率",
probe,"n.探针,探测器 v.(以探针等)探查,穿刺,查究",
procedure,"n.程序,手续,步骤",△
proceed,"v.进行,继续下去;发生",
proceeding,"n.行动,进行,(pl.)会议录,学报",▲
process,"n.过程,进程;作用;工序,制作法;工艺 v.加工,处理",
procession,"n.队伍,行列",
proclaim,"v.宣告,声明",▲
product,"n.产品,产物;乘积",△
productive,"a.生产(性)的,能产的,多产的",
productivity,n.生产率,
profession,"n.职业,专业,表白,宣布",
professional,"a.职业的,专门的 n.自由职业者,专业人员",
proficiency,"n.(in)熟练,精通",△
profile,"n.侧面(像);轮廓,外形;人物简介",▲
profit,"n.利润,收益 v.(by,from)得利,获益;有利于",
profitable,"a.有利可图的,有益的",
profound,"a.深刻的,意义深远的;渊博的,造诣深的",▲
prohibit,"v.禁止,不准;阻止",
project,"n.方案,工程,项目v.投射,放映;设计,规划",
projector,"n.放映机,幻灯机,投影仪",△
prolong,"v.拉长,延长,拖延",
prominent,"a.突起的,凸出的;突出的,杰出的",▲
promote,"v.促进,发扬;提升,提拔;增进,助长",
prompt,"a.敏捷的,迅速的,即刻的, v.激起,促进,推动",▲
prone,"a.(to)倾向于; 俯伏的; 倾斜的,陡的",▲
pronoun,n.代词,△
proof,"n.证据,证明;校样,样张",
propaganda,n.宣传(机构)；,▲
propel,vt.推进，推动；激励，驱使,▲
property,"n.财产,资产,地产,房地产,所有物;性质,特性",
prophet,n.预言家；先知；提倡者,▲
proportion,"n.比例;部分;均衡,相称",△
proposal,"n.提议,建议;求婚",
propose,"v.提议,建议;提名,推荐;求婚",△
proposition,"n.主张,建议;陈述,命题",▲
prose,n.散文 a.散文的,▲
prosecute,vt.实行，从事 v.起诉，告发 vi.作检察官,▲
prospect,"n.景色;前景,前途,展望",△
prospective,"a.预期的(侧重对成功,利润和舒适方面的期待)",▲
prosper,"v.成功,兴隆,昌盛,使成功,使昌隆,繁荣",▲
prosperity,"n.繁荣,兴旺",▲
prosperous,"a.繁荣的,兴旺的,茂盛的,顺利的",▲
protein,n.蛋白质,
protest,"v./n.主张,断言,抗议,反对",▲
prototype,n.原型；典型，范例,▲
provided,"conj.倘若,只要,假如",▲
province,"n.省;领域,范围,本分",
provision,"n.供应,(一批)供应品;预备;条款;(pl.)给养",▲
provoke,v.挑动;激发;招惹,▲
prudent,"a.谨慎的,智慧的,稳健的,节俭的",▲
psychiatry,n.精神病学，精神病疗法,△
psychology,"n.心理,心理学,心理状态",△
publication,"n.出版物;出版,发行;公布,发表",
publicity,"n.公开,宣传,广告,推销",△
publish,"v.出版,刊印;公布,发布",
puff,"n.一阵,一股(气味等);喘息;吹嘘v.喘息,鼓吹",▲
pulse,"n.脉搏,脉冲",
pump,"n.泵 v.用(泵)抽(水);打气,泵送",
punch,"n.冲压机,冲床;穿孔机 v.冲压,穿孔",▲
punctual,"a.严守时刻的,准时的,正点的",▲
puppet,"n.木偶,傀儡",▲
purchase,"v.买,购买 n.购买的物品",
purify,"v.使纯净,提纯",
pursue,"v.追赶,追踪;继续,从事",
pursuit,"n.追赶,追求;职业,工作",
pyramid,n.金字塔,△
qualification,"n.资格,合格;限定,条件;合格证",△
qualify,"v.(使)具有资格,证明合格;限制,限定;修饰",
qualitative,"a.性质上的,定性的",△
quantify,v.确定数量,
quantitative,"a.数量的,定量的",△
quart,n.夸脱（一种单位）,
quarterly,a.每季的 ad.每季一次 n.季刊,
quartz,n.石英,
queer,"a.奇怪的,古怪的；可疑的；同性恋的",▲
quench,"v.熄灭,扑灭,压制,抑制,止渴",▲
quest,n.探寻，探求；寻求，追求,▲
questionnaire,"n.调查表,问卷",
queue,"n.行列,长队 v.(up)排队,排队等待",▲
quilt,n.被子,△
quit,"v.离开,退出;停止,放弃,辞职",
quiver,"v./n.颤抖,抖动",▲
quiz,"n.小型考试,测验,问答比赛",▲
quota,n.(生产、进出口等的)配额，(移民的)限额,△
quote,"v.引用,援引",△
racial,"a.种的,种族的",
rack,"n.挂物架,搁物架 v.使痛苦,折磨",▲
racket,n.球拍,△
radiant,"a.发光的,辐射的,容光焕发的",△
radiate,"v.放射,辐射;散布,传播",
radical,"a.基本的,重要的;激进的,极端的;根本的",▲
radioactive,"a.放射性,放射引起的",
radius,"n.半径,半径范围,有效航程,范围,界限",▲
rag,"n.抹布,破布,碎布",△
rage,n.愤怒；v.大怒，狂吹，风行,▲
raid,"n/v..袭击,搜查",▲
rail,"n.栏杆,围栏;(pl.)铁路;铁轨;横杆,栏杆",
rake,"n.耙子,耙机 v.耙;搜索,探索",▲
rally,"v.重整,恢复,振作 n.聚集,集会,拉力赛",▲
random,"a.随机的,随意的 n.随机,随意",
range,"n.范围,领域;排列,连续;(山)脉v.排列成行",△
rank,"n.军衔,社会阶层;排 v.分等级,把…分类",
rap,"n.叩击,轻拍,斥责 v.敲,拍,打,斥责,使着迷",△
rape,"n./vt.掠夺,蹂躏,强奸",▲
rare,"a.稀有的,难得的,珍奇的;稀薄的,稀疏的",
rarely,"ad.很少,难得,非常地",
rash,"a.轻率的,鲁莽的 n.皮疹                 ",▲
rate,"n.速率;等级;价格,费用 v.估价;评级,评价",
ratio,"n.比,比率",
rational,"a.理性的,合理的；n.有理数",▲
raw,"a.未煮过的,生的;未加工过的,未经训练的",△
razor,n.剃刀；v.剃,△
react,"v.反应,起作用;(against)反对,起反作用",
readily,"ad.容易地;乐意地,欣然地",▲
realistic,a.现实(主义)的,
reality,"n.现实,实际;真实",
realm,"n.王国,国土;领域",▲
reap,"v.收割,收获",▲
rear,"n.后面,背后,后方 v.饲养,抚养,栽培,举起",△
reasonable,"a.合理的,有道理的;通情达理的;适度的",
reassure,v.使安心，使放心；使消除疑虑,△
rebel,"v.反抗,反叛,起义 n.叛逆者,起义者",
rebellion,"n.叛乱,反抗,起义",
recall,"v.回忆,回想;撤消,收回",
recede,"v.退回,后退;收回,撤回;跌落,缩减,贬值",▲
receipt,"n.收据,收条;收到,接到",
reception,"n.接待,招待会;接收,接受,接收效果",
recipe,"n.烹饪法,食谱;诀窍,方法",△
recipient,"a.接受的,感受性强的 n.接受者,感受者,容器",△
reciprocal,"a.相互的,往复的,互利的；n.倒数",▲
recite,"v.背诵,朗诵",
reckless,"a.不注意的,大意的,卤莽的,不顾后果的",▲
reckon,"v.计算,总计,估计,猜想,依赖",▲
reclaim,"v.要求归还,收回;开垦",▲
recognition,"n.认出,辨认;承认",△
recognize,"v.(recognise)认出,承认,公认,赏识,表扬",
recollect,"v.回忆,想起,记起,忆起,记得",△
recommend,"v.推荐,介绍;劝告,建议",
reconcile,"v.使和好,调解,使调和;(to,with)使一致",▲
recovery,"n.痊愈,复元;重获,恢复",
recreation,"n.娱乐,消遣",▲
recruit,v.征募(新兵)，吸收；补充 n.新成员，新兵,
rectangle,n.长方形，矩形,
rectify,"v.纠正,整顿；[化]精馏；[物]整流",▲
recur,v.(尤指不好的事)一再发生；重现,△
recycle,"v./n.再循环,重复利用",
redundant,"a.多余的,过剩的;(食物)丰富的;被解雇的",▲
reed,"n.芦苇,苇丛;芦笛,牧笛",▲
reel,"n.卷筒,线轴 v.卷,绕",▲
reference,"n.提及,涉及;参考,参考书目;证明书（人）",
refine,"v.精炼,精制,提纯;使文雅,使高尚",△
reflect,"v.反射,反映,表现,反省,沉思",
reflection,"n.(reflexion)映像,倒影;反省,沉思",
reform,"v./n.改革,改造,改良；改过；重组",△
refrain,"v.节制,避免,制止 n.(诗的)叠句",▲
refresh,"v.(使)精神振作,(使)精力恢复",
refreshment,"n.(pl.)点心,饮料;精力恢复,爽快",
refuge,"n.避难处,藏身处",▲
refugee,n.(政治上的)避难者，难民,▲
refund,"n.归还,偿还额,退款 v.退还,偿还,偿付",▲
refusal,"n.拒绝,回绝",△
refute,"v.反驳,驳斥",▲
regarding,"prep.关于,有关",△
regardless,"a./ad.不管…的,不顾…的,不注意的",△
regime,"n.政体,制度",▲
region,"n.地区,地带,行政区,(科学等)领域",
register,"n./v.登记,注册 v.(仪表等)指示,(邮件)挂号",
regulate,"v.管制,控制;调节,校准;调整",
regulation,"n.规则,规章;调节,校准;调整",
rehearsal,"n.排练,排演,演习,预演,试演",▲
rein,"n.缰绳,统治,支配 v.驾驭,控制,统治",▲
reinforce,"v.增援,加强",△
reject,"v.拒绝,抵制,丢弃,排斥,退掉 n.落选者",
rejoice,"v.(使)欣喜,(使)高兴",
relate,"v.叙述,讲述;使互相关联",△
relativity,n.相关(性);相对论,△
relay,"v.中继,转播,接力 n.接替人员,替班",▲
release,"v.释放,解放;发表,发行 n.释放,豁免,放松",
relevant,"a.有关的,中肯的,相应的,实质性的",
reliable,"a.可靠的,可信赖的,确实的",
reliance,"n.信任,信心,依靠,依靠的人或物",
relief,"n.(痛苦等)减轻,解除;援救,救济",△
relieve,"v.减轻,解除,援救,救济,换班",▲
religion,"n.宗教,信仰",
religious,"a.宗教的,信教的,虔诚的",
relish,"n.美味,味道,调味品,食欲,乐趣 v.喜欢,品味",▲
reluctant,"a.不愿的,勉强的",▲
rely,"v.(on)依赖,依靠;信赖,信任",
remain,"v.剩下,余留;留待,尚须;仍然是,依旧是",△
remainder,"n.剩余物,剩下的;余数,余项",△
remark,"n.(about,on)评语,意见；v.(on)评论;注意到",
remarkable,"a.值得注意的;显著的,异常的,非凡的",
remedy,"n.药品;治疗措施 v.治疗,医治;纠正,补救",▲
remnant,"n.剩余(物),零料,遗迹",▲
remote,"a.远的,遥远的,疏远的,偏僻的,细微的",
removal,"n.移动,迁居;除去",△
renaissance,n.复兴，复活，新生，文艺复兴,▲
render,"v.使得,致使;提出,提供,呈报",▲
renovate,"v.更新,修复",▲
repay,"v.偿还,报答",
repel,"v.击退,抵制,使厌恶,使不愉快",▲
repertoire,"n.节目,全部剧目,保留剧目,全部技能",▲
repetition,"n.重复,反复",
replace,"vt.取代,替换,代替,把...放回原处",
replacement,"n.取代,替换,替换物,代替物",
reporter,"n.报告人,通讯员;记者,报导者",
represent,"v.描述,表示;代表,代理;阐明,说明",△
representative,"n.代表,代理人 a.(of)典型的,有代表性的",
repression,n.压抑，压制，镇压,△
reproach,"v./n.责备,指责",▲
reproduce,"v.生殖;翻版;繁殖;复制,仿造",
reptile,n.爬行动物，卑鄙的人；adj.爬行的，卑鄙的,▲
reputation,"n.名誉,名声,声望",
requirement,"n.(for)需要,需要的东西,要求",
rescue,"v./n.营救,援救",▲
resemblance,"n.相似,相似性",
resemble,"v.像,类似",
resent,"v.对…表示忿恨,怨恨",▲
reservation,"n.保留,保留意见;预定,预订",
reserve,"n.储备(物),储备金;缄默 v.保留,储备;预定",
reservoir,"n.水库,蓄水池",▲
residence,"n.住处,住宅",
resident,"n.居民,常住者 a.居住的",
resign,"v.辞去,辞职,使听从(于),使顺从",△
resist,"v.抵抗,反抗;抗,忍得住,抵制",
resistance,"n.(to)抵抗,反抗;抵抗力,阻力;电阻",
resistant,"a.(to)抵抗的,有抵抗力的",
resolute,"a.坚决的,果断的",▲
resolution,"n.坚决,决心;决定,决议",
resolve,"v.决心;(使)分解,溶解;决议 n.解决;决心",▲
resort,"v.凭借,求助,诉诸n.度假胜地,常去之处,手段",△
resource,"n.(pl.)资源,财力;办法,智谋;应变之才",
respective,"a.各自的,各个的",▲
respond,"v.回答,响应,作出反应",
response,"n.回答,响应,反应",
responsibility,"n.责任,责任心;职责,任务",
responsible,"a.(for,to)应负责的;可靠的;责任重大的",
restless,a.得不到休息的;不平静的;坐立不安的,
restore,"v.恢复,使回复;归还,交还;修复,重建",△
restrain,"v.(from)抑制,制止",
restraint,"n.抑制,制止",
restrict,"v.限制,约束",
resultant,a.作为结果而发生的;合成的,▲
resume,"v.再继续,重新开始;再用;恢复n.个人简历",
retail,n.零售,▲
retain,"v.保持,保留",
retention,"n.保留,保持,保持力,记忆力",▲
retire,"v.退休,引退;退却,撤退;就寝",
retort,"n./v.报复,反击,反驳；n.曲颈甑",▲
retreat,"v.撤退,退却",▲
retrieve,vt.重新得到，取回；挽回，补救；检索,▲
retrospect,v./n.回顾，回想，追溯,▲
reveal,"v.展现,显示,揭示,揭露,告诉,泄露",△
revelation,"n.揭示,揭露,显示,启示,新发现,被揭露的事",△
revenge,"n.报复,复仇 v.替…报仇",▲
revenue,"n.财政收入,税收",△
reverse,"n.相反;背面 a.相反的 v.颠倒,倒转",
revise,"v.修订,校订;修正,修改",▲
revive,v.恢复;(使)复苏,▲
revolt,"v./n.反抗,起义",▲
revolutionary,"a.革命的,革新的 n.革命者",
revolve,"v.(使)旋转;考虑;【天】公转,循环",△
reward,"n.(for)报酬,赏金 v.(for)酬劳;酬谢",
rhythm,"n.节奏,韵律",
ribbon,"n.缎带,丝带,带,带状物",▲
ridge,"n.岭,山脉;屋脊;鼻梁",▲
ridiculous,"a.荒谬的,可笑的",
rifle,n.步枪,
rigid,a.刚性的;刻板的;严厉的,▲
rigorous,"a.严格的,严厉的,严酷的,严密的,严谨的",▲
rim,"n.(圆物的)边,边缘;(眼镜)框",▲
riot,"n.暴(骚)乱,蔓延,彩色缤纷 v.骚乱,暴动",▲
rip,"v.撕,剥,劈,锯,裂开,撕裂 n.裂口,裂缝",△
ritual,"a.宗教仪式的,典礼的 n.(宗教)仪式,典礼",▲
rival,"n.竞争者,对手 v.竞争,对抗 a.竞争的",△
roar,"n./v.吼叫,怒号;轰鸣,咆哮",▲
roast,"v.烤,炙,烘",▲
robe,"n.长袍,上衣",△
robust,"a.强健的,雄壮的,精力充沛的,坚固的,浓的",
rod,"n.杆,棒",▲
romance,"n.传奇,爱情故事",
rot,"v.(使)腐烂,(使)腐败,腐朽",
rotary,a.旋转的,△
rotate,v.(使)旋转,
rotten,"a.腐烂的,腐朽的",
roundabout,"a.迂回的,转弯抹角的 n.环状交叉路口",▲
rouse,vt./vi.唤醒，唤起；激励；激起,
route,"n.路线,路程",△
routine,"n.例行公事,常规 a.常规的,例行的",
royal,"a.王室的,皇家的;第一流的,高贵的",
royalty,"n.皇家,皇族",
rub,"v.擦,摩擦",▲
ruby,n.红宝石,▲
rug,n.(小)地毯;围毯,▲
ruin,"v.毁灭;(使)破产 n.毁灭,崩溃;(pl.)废墟",△
rumor,"n.(rumour)传闻,谣言",
rural,"a.乡下的,田园的,乡村风味的",△
rust,n.铁锈 v.(使)生锈,▲
ruthless,"a.残酷的,无情的",▲
sack,"n.袋,包,麻袋 v.解雇",▲
sacred,a.神圣的;宗教的;庄严的,
sacrifice,"n.牺牲,牺牲品;祭品 v.(for,to)牺牲,献出",
saddle,"n.鞍,马鞍,鞍状物；v.承受",▲
safeguard,"v.维护,保护,捍卫 n.安全装置,安全措施",
saint,"n.圣人,基督教徒;(S-或St.用于人,地名前)圣",△
sake,"n.缘故,理由",
salary,"n.薪金,薪水",
salute,"v./n.敬礼,鸣礼炮;迎接,欢迎",
salvation,"n.拯救,救助;救济(者,品),救助工具;救世主",▲
sample,"n.样品,实例,标本,抽样检查 v.取样,采样",
sanction,"n./v.批准,同意,支持,认可 n.处罚,制裁",▲
sane,"a.心智健全的,神志清醒的,明智的,稳健的",△
sarcastic,a.讽刺的,▲
satire,"n.讽刺,讽刺文学,讽刺作品",▲
satisfactory,"a.令人满意的,圆满的,良好的,符合要求的",
saturate,vt.使湿透，浸透；使充满，使饱和,△
sauce,"n.酱汁,调味汁",▲
saucer,"n.茶托,碟子",▲
sausage,"n.香肠,腊肠",▲
savage,"a.野蛮的;凶恶的,残暴的 n.野人,未开化的人",
saw,"n.锯子,锯床 v.锯,锯开",△
scale,"n.刻度;天平,磅秤;比例尺;规模;音阶;鱼鳞",△
scan,"v.细看,审视;浏览;扫描 n.扫描",
scandal,"n.丑闻,诽谤,耻辱,流言蜚语,反感,公愤",▲
scar,"n.疤,疤痕;创伤 v.使留下伤痕,创伤",▲
scarce,"a.缺乏的,不足的;稀少的,罕见的",△
scarcely,"ad.几乎不,简直没有,勉强",△
scare,"n.惊恐,恐慌v.惊吓,受惊",△
scarf,"n.围巾,头巾,领巾,领带",▲
scatter,"v.散开,驱散;散布,散播",
scenery,"n.风景,舞台布景",
scent,"n.气味,香味,香水,线索,嗅觉 v.嗅,发觉",▲
schedule,"n.时间表,进度表 v.安排,预定",△
scheme,"n.计划,方案;阴谋;配置 v.计划,策划;阴谋",△
scholar,n.学者,
scholarship,"n.奖学金;学问,学识",△
scissors,n.剪子,
scope,"n.(活动)范围;机会,余地",
score,"n.得分,分数;二十 v.得(分),记(…的)分数",
scorn,"v./n.轻蔑,藐视",▲
scout,"n.侦察员,侦察机(舰) v.搜索,侦察",△
scramble,vi.(快速地)爬，攀登；互相争夺，争先,▲
scrap,"n.碎片;废料 v.废弃,报废",▲
scrape,"v.刮(掉),擦过,勉强通过 n.刮,擦痕,刮擦声",▲
scratch,"v.抓,搔,扒 n.抓,搔,抓痕;起跑线",▲
screen,"n.屏幕,屏风;帘 v.掩蔽,包庇;筛选",
screw,"n.螺旋,螺丝(钉) v.拧,拧紧",
script,n.剧本(原稿)；手稿，原稿；笔迹，手迹,
scrutiny,n.周密的调查；仔细看；监视；选票复查,▲
sculpture,n.雕刻(术)，雕塑(术)；雕刻作品,
seal,"n.封铅,封条;印,图章;海豹 v.封,密封",
seam,"n.缝,接缝",△
secondary,"a.次要的,二级的;中级的,第二的",
section,"n.章节,部分;地区,部门,科;截面,剖面",
sector,n.部门，部分；防御地段，防区；扇形,
secure,"a.(from,against)安全的,放心的v.得到;防护",
security,"n.安全(感),防御(物),保证(人),(pl.)证券",△
seemingly,ad.外观上，表面上,
segment,"n.段,片,节,部分",
segregate,vt.使分开，隔离（病患等）,▲
select,"v.选择,挑选 a.精选的,选择的",
selection,"n.选择,挑选;选集,精选物",
semester,n.学期,△
semiconductor,n.半导体,
seminar,"n.(大学的)研究班,研讨会",
senate,"n.参议院,上院",▲
senator,n.参议员,△
senior,a.年长的;地位较高的 n.(大学)四年级学生,
sensation,"n.感觉,知觉;激动,轰动,轰动一时的事情",
sensible,"a.明智的,达理的;可觉察的,明显的",△
sensitive,"a.(to)敏感的,易受伤害的;灵敏的",△
sentiment,n.感情，柔情；看法；感觉,△
sequence,"n.先后,次序;连续,数列",
serial,n.连载小说，连续剧；连载刊物 a.连续的,△
series,"n.一系列,连续;丛书",△
session,"n.(一届)会议,一段时间",△
setback,n.挫折；失效；复发；倒退,
setting,n.安置;落山;(固定东西的)柜架底座;环境,△
settlement,"n.解决,决定,调停;居留区,住宅区",
severe,"a.严厉的;剧烈的,严重的,严峻的,艰难的",
sew,"v.缝,缝纫",
shabby,"a.简陋的,破旧的,卑鄙的,不公平的",▲
shady,"a.成荫的,多荫的;可疑的,靠不住的",△
shaft,n.轴;杆状物,
shallow,"a.浅的,浅薄的 n.浅滩,浅处",▲
sham,n./a.假冒(的)，虚伪(的),▲
shark,n.鲨鱼,
shatter,n.碎片；粉碎　v.粉碎；使疲惫；使震骇,▲
shave,"v.剃,刮,刨,削 n.刮脸",▲
shear,"v.剪,修剪",▲
shed,"v.流出;发散,散发,脱落,脱去 n.棚,小屋",▲
sheer,"a.纯粹的,十足的,全然的;陡峭的,险峻的",▲
shell,"n.壳,贝壳;炮弹",△
shelter,"n.掩蔽处;掩蔽,保护 v.掩蔽,躲避,庇护",
shepherd,"n.牧民,牧羊人",▲
shield,"n.防护物,护罩;盾,盾状物 v.保护,防护",
shift,"v.替换,转移n.转换,转变;(轮)班,(换)班",
shipment,"n.装船,装运;装载的货物,装货量",
shiver,"v./n.战栗,发抖",▲
shorthand,n.速记,△
shortly,ad.立刻，不久；不耐烦地，简慢地,
shove,vt.乱推；乱塞vi.用力推，挤n.猛推,▲
shrewd,"a.机灵的,敏锐的;精明的",▲
shrink,"v.起皱,收缩;退缩,畏缩",△
shrug,vt./n.耸肩(表示冷淡、怀疑、无奈、不满等),△
shutter,n.百叶窗；(照相机)快门；关闭装置,
shuttle,n.往返汽车/列车/飞机；穿梭 v.往返穿梭,
sideways,"ad./a.向旁边(的),侧身,横着(的),斜着(的)",△
siege,n.包围，围攻，围困,▲
sigh,"n.叹息,叹息声 v.叹息,叹气",
sightseeing,"n.观光,游览",△
signal,"n.信号,暗号 v.发信号,用信号通知",
signature,"n.签名,署名,签字",
significance,"n.意义,含义;重要性,重要的",
significant,"a.有意义的;重大的,重要的",
signify,"v.表示,意味;要紧,有重要性",△
silicon,n.硅,
simplicity,"n.简单,简易;朴素;直率,单纯",
simplify,"v.简化,使单纯",
simulate,"v.模仿,模拟;假装,冒充",▲
simultaneous,"a.同时的,同时存在的",▲
sin,"n.罪,罪恶 v.犯罪",
sincere,"a.诚挚的,真实的,诚恳的",
singular,"a.非凡的,卓越的;单数的",△
sip,v.小口地喝，抿，呷n.一小口的量,▲
siren,"n.警报声,警报器",▲
situated,a.坐落在…的,
skeleton,"n.骨骼;骨架,框架;梗概,提要",▲
skeptical,a.怀疑的,△
sketch,"n.素描;略图,草图;梗概 v.绘略图,速写,写生",▲
skilled,"a.(in)熟练的,有技能的;需要技能的",
skim,vt.撇去(液体表面)之漂浮物 vi.轻轻掠过,△
skip,vi.略过，跳过 n.跳跃 vt.故意忽略；略过,△
skull,n.头盖骨，颅骨,▲
skyscraper,n.摩天大楼,
slack,"a.懈怠的,松驰的;萧条的 n.淡季;(pl.)便裤",△
slam,v.(门、窗等)砰地关上 n.猛然关闭的声音,
slap,"n./v.拍,掌击",
slash,v./n. 猛砍，削减,▲
slaughter,n.屠杀，屠宰 vt.屠杀，宰杀,▲
sleeve,n.袖子,▲
slender,"a.修长的,细长的,苗条的;微小的,微薄的",▲
slice,"n.薄片,切片;一份;部分切(片)",△
slide,"v.(使)滑动 n.滑坡,滑道;滑,滑动;幻灯片",△
slight,"a.轻微的,微小的;纤细的,瘦弱的",△
slim,"a.苗条的;(机会)少的 v.减轻体重,变苗条",
slip,"v.滑,滑倒;滑掉;溜走n.疏忽,小错,口误,笔误",
slipper,"n.便鞋,拖鞋",△
slippery,"a.滑的,滑溜的",▲
slit,"v.切开,截开,纵割 n.细长裂缝,狭长切口",△
slogan,"n.标语,口号; 广告语",▲
slope,"n.斜坡,斜面;倾斜,斜度 v.(使)倾斜",
slot,n.狭缝；空位vt.放入狭缝中；把…纳入,△
slum,"n.贫民窟,贫民区,陋巷",▲
sly,"a.狡猾的,偷偷摸摸的",▲
smash,"v./n.打碎,粉碎",▲
smog,n.烟雾,△
smuggle,v.走私;偷运,▲
snack,"n.快餐,小吃,点心；v.吃快餐",▲
snap,v.啪地移动；(使）突然断开，断（成两截),△
snatch,"n./v.攫取,抢夺；抓举",
sneak,vi.偷偷地走，溜；vt.偷偷地做(或拿、吃) ,▲
sneeze,vi.打喷嚏，发喷嚏声n.喷嚏,▲
sniff,vi./n.嗅…味道；抽鼻涕；对嗤之以鼻，蔑视,▲
snowstorm,n.暴风雪,
soak,"v.浸泡,浸湿,浸透",▲
soar,vi.(指鸟等)高飞，翱翔；飞涨；高耸,▲
sob,"v./n.哭泣,呜咽",▲
sober,"a.清醒的;认真的,冷静的,适度的；v.镇定",▲
so-called,a.(贬)所谓的，号称的,
sociable,a.好交际的，友好的，合群的,
sociology,n.社会学,
soda,"n.苏打,汽水",
software,n.软件,
solar,"a.太阳的,日光的",
sole,"a.单独的,唯一的 n.脚垫,鞋底",△
solemn,"a.庄严的,隆重的;严肃的",▲
solidarity,n.团结；休戚相关,▲
solitary,a.(好)孤独的；偏僻的；单一的，唯一的,▲
solo,n.独奏 a.&ad.单独的(地)；独唱的(地),△
soluble,a.可溶的，能解释的,△
solution,"n.解答,解决办法;溶解,溶液",
solve,"v.解决,解答",
somewhat,pron.&ad.一点儿，几分,△
sophisticated,"a.尖端的,复杂的,先进的;老练的,老于世故的",
sophomore,(中学、大学)二年级学生,▲
sore,"a.疼痛的;痛心的 n.痛处,疮口",▲
sour,a.酸的;发酸的;酸痛的;脾气坏的;刻薄的,▲
source,"n.源,源泉;来源,出处",
spacecraft,n.宇宙飞船,
spacious,adj.广阔的，宽敞的,
spade,"n.铁锹,铲子",▲
span,"n.跨度,跨距",▲
spark,"n.火花,火星 v.发火花,发电花",△
sparkle,"v.发火花,闪耀",△
spear,"n.矛,枪",
specialist,n.专家,
specialize,"v.(specialise)(in)专攻,专门研究,专业化",△
specialty/speciality ,n.拳头产品 特色 特产,△
species,"n.(物)种,种类",
specific,"a.明确的,具体的;特定的,特有的",
specification,"n.详述;(常pl.)规格,说明书,规范",
specify,"v.指定,详细说明",△
specimen,"n.标本,样本",
spectacle,"n.(pl.)眼镜;场面,景象;奇观,壮观",▲
spectacular,"a.壮观的,引人注目的 n.壮观的演出",▲
spectator,"n.观众,旁观者",△
spectrum,n.谱，光谱，频谱；范围，幅度，系列,
speculate,vi.思索；推测vt.投机；思索，推测,△
sphere,"n.球,球体;范围,领域",
spicy,a.加很多香料的；(口味)浓郁的,△
spider,n.蜘蛛,
spill,"v.溢出,溅出 n.摔下,跌下",▲
spin,"v.旋转;纺纱;织网,吐丝 n.旋转;自转",▲
spine,n.脊柱，脊椎；(动植物的)刺；书脊,△
spiral,a.螺旋形的 n.螺旋，螺线 v.螺旋上升；盘旋,△
spiritual,"a.精神(上)的,心灵的",
spit,"v.吐(唾沫),吐痰 n.唾液",
spite,n.恶意;怨恨,▲
splash,"v.溅,泼 n.溅,飞溅声",▲
split,"v.裂开,劈开;分裂,分离 n.分化,分裂,裂口",
spoil,"v.损坏,搞错;宠坏,溺爱",▲
sponge,n.海绵,▲
sponsor,"n.发起人,主力者,保证人 v.发起,主办",△
spontaneous,"a.自发的,自然产生的",△
spot,"n.斑点;地点 v.认出,认清,发现;玷污,弄脏",
spouse,n.配偶(指夫或妻),▲
spray,"n.喷雾,飞沫,浪花,水花 v.喷,喷射",△
sprinkle,"n.洒,喷,淋",△
sprout,vi.发芽，抽条 vt.使发芽 n.新芽，嫩苗,▲
spur,"n.靴刺,马刺;刺激,刺激物 v.刺激,激励",△
squeeze,"v.压榨,挤 n.榨取,勒索",▲
squirrel,n.松鼠,△
stab,"v./n.刺,戳",▲
stability,"n.稳定,安定",
stable,"a.稳定的,安定的 n.马厩,马棚",△
stack,"n.堆,一堆 v.堆积,堆起",
stadium,n.体育场,
staff,"n.全体职工;杠,棒;参谋部 v.配备工作人员",
stagger,vi.摇晃着移动;蹒跚 n.摇晃不稳的动作;蹒跚,▲
stain,"n.污点,瑕疵 v.沾污;染色",
staircase,n.(stairway)楼梯,
stake,"n.桩,标桩;赌注,利害关系  v.界定, 赌博",▲
stalk,n.茎，梗vt.悄悄地跟踪vi.高视阔步地走,▲
stall,"n.货摊;畜栏,厩 v.(使)停转,(使)停止, ",▲
standpoint,"n.立场,观点",
staple,n.订书钉，主要产品；名产；主食,▲
startle,"v.惊吓,使吃惊",▲
starve,"v.(使)饿死,饿得慌,挨饿",△
state,"n.状态,情况;国,州 v.陈述,说明",
statement,"n.声明,陈述",
statesman,"n.政治家,国务活动家",△
static,"a.(statical)静态的,静力的",△
stationary,"a.静止的,固定的",
stationery,n.文具,▲
statistical,"a.统计的,统计学的",
statue,"n.塑像,雕像；v.以雕像装饰",△
status,"n.地位,身份;情形,状况",
statute,n.成文法，法令，法规；章程，规则，条例,▲
steady,"a.稳定的,不变的;坚定的v.(使)稳固/稳定",
steak,n.牛排；大块肉(或鱼)片,▲
steamer,"n.汽船,轮船",▲
steep,"a.陡峭的；险峻的；急剧升降的vt.浸泡,沉浸",▲
steer,vt.驾驶，为…操舵；引导vi.驾驶,▲
stem,n.茎，干 vt.堵(挡)住 vi.起源于，由…造成,△
stereo,n.立体声音响；立体声装置 n./a.立体声(的),
stereotype,n.陈规，老套，模式化 vt.使定型，使模式化,△
stern,"a.严厉的;坚决的,坚定的 n.船尾,舟尾",▲
steward,n.乘务员，服务员；看管人；膳食管理员,▲
sticky,a.粘的，粘性的；棘手的；(道路)泥泞的,▲
stiff,"a.硬的,僵直的;拘谨的;呆板的;艰难的",▲
stimulate,"v.刺激,使兴奋;激励,鼓舞",△
sting,"v./n.刺,刺痛,剧痛;刺,叮",▲
stir,"v.搅拌,搅动;动,摇动;激动;轰动;煽动,鼓动",△
stitch,n.一针；(因跑步引起的)肋部剧痛 v.缝(合),▲
stock,"n.备料,库存,现货;股票,公债 v.储存",
stocking,n.长(统)袜,▲
stool,n.凳子；(pl.)大便,△
stoop,"v.弯腰,俯身 n.弯腰,曲背；屈从，屈就",▲
straightforward,"a.正直的;简单的,易懂的 ad.坦率地",△
strain,v.拉紧;紧张;扭伤;竭尽全力 n.拉紧;负担,
strap,"n.皮带, 带子 v.用带扣住, 束牢；用绷带包扎",▲
strategy,n.战略，策略；对策，政策,
straw,"n.稻草,麦杆;吸管",▲
strawberry,n.草莓,
stream,"n.小河,溪流;流,一股,一串 v.流出,涌",
streamline,a.流线型的 vt.使成流线型；使合理化,
strengthen,"v.加强,巩固",
strenuous,a.费力的，艰辛的；奋发的，努力的,▲
stress,n.压力；重要性；应力；重音vt.强调，重读,
stretch,v.伸展，延伸 n.拉长；伸展；一段时间/路程,▲
stride,vi.大踏步走；跨越 n.一大步(pl.)长足进步,▲
strife,n.争吵；冲突，斗争；竞争,▲
striking,a.显著的；惹人注目的，容貌出众的,
string,"n.弦,线,细绳;(一串),(一行) v.缚,捆",▲
strip,"v.剥,剥去 n.窄条,条纹",▲
stripe,n.长条，条纹；军服上表示军阶的臂章条纹,▲
strive,"v.奋斗,努力",▲
stroke,n.击;报时的钟声;一击/划/笔;中风 v.抚摸,△
stroll,n.&v.漫步；散步；游荡,▲
structure,"n.结构,构造;建筑物 v.构造,建造",
stubborn,"a.顽固的,倔强的;难对付的,难以克服的",▲
studio,n.画室;播音室;(电影)制片厂,
stuff,"n.原料,材料,东西 v.填满,塞满",△
stumble,n.跌倒，绊倒 vi.绊(摔)倒；结结巴巴说,▲
stun,vt.使…失去知觉；使目瞪口呆，使吃惊,▲
sturdy,a.坚定的，不屈不挠的；强健的，结实的,▲
style,"n.风格,文体;式样,时式,类型",
subjective,a.主观(上)的，个人的,△
submarine,"n.潜水艇 a.水底的,海底的",
submerge,"v.沉没,淹没;潜入",△
submit,"v.(to)使服从,屈服;(to)呈送,提交",△
subordinate,"a.(to)次要的,从属的;下级的",△
subscribe,vi.(to)订阅，订购；同意vt.捐助，赞助,△
subsequent,"a.随后的,后来的",
subsidy,n.补助金；津贴费,▲
substance,n.物质；实质，本质；主旨；财产，资产,
substantial,a.实质的;相当的;显著的;坚固的;富裕的,△
substitute,"n.代替者；替身；代用品 v.(for)代替,替换",▲
subtle,"a.精巧的,巧妙的;细微的,微妙的",▲
subtract,v.减(去),▲
suburb,"n.市郊,郊区",
subway,n.地铁；地下行人隧道,
succession,"n.连续,系列;继任,继承",▲
successive,"a.接连的,连续的",△
successor,n.接替的人或事物，继任者,△
suck,v.&n.吸，舐；吸收(取),
sue,"v.控告,对…提出诉讼,起诉",▲
suffer,"v.(from)受痛苦,患病;受损失;遭受;忍受",
suffice,v.充足，足够；vt.(食物等)使(某人)满足,▲
sufficient,"a.(for)足够的,充分的(比enough拘谨、正式)",
suicide,n.自杀；给自己带来恶劣后果的行为,
suite,n.套间；一套家具；套，组，系列,
sulfur,n.(sulphur)硫,△
sum,"n.总数,和;金额;算术题;要旨 v.合计,总计",
summarize,"v.(summarise)概括,总结",
summary,"n.摘要,概要 a.概括的,简略的",
summit,n.顶，最高点；颠峰，高峰；最高级会议,
summon,"v.召唤;传讯,传唤;鼓起(勇气),振作(精神)",▲
superb,"a.极好的,杰出的；华丽的；",▲
superficial,"a.表面的;肤浅的,浅薄的",
superfluous,a.多余的，过剩的，,▲
superior,"a.优良的,卓越的;上级的 n.上级;长者;高手",
superiority,n.优越(性)，优势，优等；高傲，傲慢,
supersonic,"a.超音速的,超声波的 n.超声波，超声频",
superstition,n.迷信，迷信的观念习俗,▲
supervise,"v.管理,监督",
supplement,"n.补遗;增刊;附录 v.增刊,补充",△
suppress,"v.镇压,压制;抑制,忍住;查禁",▲
supreme,"a.极度的,最重要的;至高的,最高的",▲
surface,n.表面；外表 a.表面的，肤浅的,
surge,vi.汹涌；彭湃；蜂拥而至 n.巨浪;汹涌;彭湃,▲
surgeon,n.外科医生,
surgery,"n.外科,外科学;手术室,诊疗室",
surpass,"vt.超过,胜过",
surplus,"n.过剩,剩余；余款,余额 a.过剩的,剩余的",▲
surrender,vi.投降，屈服 vt.放弃，交出 n.投降，认输,
surroundings,"n.周围的事物,环境",
survey,"v./n.俯瞰,眺望;全面审视,调查;测量图,勘定",△
survival,"n.幸存,生存;幸存者,残存物",
survive,"v.幸免于,幸存;比…长命",
susceptible,a.易受影响的;易受感动的;易受感染的,△
suspect,v.猜想；怀疑；察觉 a.可疑的 n.嫌疑犯,
suspend,v.悬(浮)，挂；暂停，取消；推迟,
suspicion,n.怀疑，猜疑；一点儿，少量,
suspicious,"a.(of)可疑的,多疑的,疑心的",
sustain,"vt.支撑,撑住;维持,持续,经受,忍耐",△
swallow,"n.燕子;吞咽vt.吞,咽;轻信;忍受;vi.咽口水",▲
swamp,n.沼泽；湿地 vt.浸没；使…应接不暇,▲
swan,n.天鹅 vi.闲荡，游荡,▲
swarm,n.蜂群;一大群 vi.涌往;挤满;云集;成群移动,▲
sway,vi.摇动；倾斜 vt.使摇动 n.摇动；影响力,
swear,"v.(at)诅咒,骂人;宣誓,发誓",
sweat,n.汗 v.(使)出汗,
swell,n./v.肿胀;膨胀;增大;增加;,△
swift,a./ad.快的(地);敏捷的(地)a.立刻的n.雨燕,△
swing,"v.摇摆,摇荡,回转,旋转 n.秋千;摇摆,摆动",△
switch,"n.开关；转换；鞭子 v.转变,转换；抽打",
symbol,"n.符号,标志;象征",
symmetry,"n.对称(性);匀称,整齐",△
sympathetic,a.有同情心的；赞同的；n.交感神经,▲
sympathize,"v.(sympathise)(with)同情;共鸣,同感;赞成",
sympathy,n.同情，同情心；赞同，同感；慰问,
symphony,"n.交响乐,交响曲",△
symposium,"n.讨论会,专题报告会;专题论文集",▲
symptom,"n.(疾病的)症状；(不好事情的)征兆,表征",
syndrome,n.综合病征；并存特性,
synthesis,"n.(pl.syntheses)综合,合成",
synthetic,"a.合成的,人造的;综合的",
system,n.系统，体系；制度；方法，方式，步聚,
systematic,"a.(systematical)系统的,有组织的",
tablet,"n.药片;碑,匾",△
tackle,"n.滑车;用具,器械 v.处理,解决;抱住,抓住",▲
tactic,"n.(tactics)策略,战术",△
tag,n.标签;鞋带;垂饰;vt.加标签于;附加vi.紧随,▲
talent,"n.才能,天资;人才",
tame,"a.驯服的,温顺的;沉闷的,乏味的 vt.驯服",▲
tan,n./a.(皮肤因日晒而成)棕褐色(的) vt.晒黑,▲
tangle,n.纠缠；缠结；混乱 v.(使)缠绕；变乱,▲
tank,"n.罐,槽,箱；坦克 vt.储于槽中",
tanker,n.油船,
tar,n.柏油，焦油 vt.涂或浇柏油/焦油于,▲
target,"n.目标,对象,靶子",
tariff,"n.关税,税率;(旅馆,饭店等)价目表,收费表",△
tease,"v.戏弄,取笑;挑逗 n.(爱)戏弄他人者;戏弄",▲
technician,"n.技术员,技师,技工",
tedious,"a.乏味的,单调的,冗长的",▲
teenager,n.十几岁的青少年,
telescope,n.望远镜 v.缩短，压缩,
temper,n.脾气；韧度vt.调和，使缓和；使回火,△
temperament,n.气质，性格，性情；资质,△
tempo,"n.节奏,行进速度;(音乐的)速度",▲
temporary,"a.暂时的,临时的",
tempt,"v.诱惑,引诱;吸引,使感兴趣",
tenant,n.承租人;房客;佃户 vt.租借，承租,▲
tend,"v.趋向,往往是;照料,看护",
tender,"a.嫩的;敏感的;温柔的 v.提出,提供;投标",△
tense,n.时态 v.拉紧，(使)紧张 a.绷紧的，紧张的,
tension,n.(紧张)状态；拉(绷)紧；张力，拉力,
tentative,a.试探性的，暂时的；犹豫不决的,▲
terminal,a.晚期的;终点的;期末的 n.终点(站);终端,△
terminate,vi.(使)结束，(使)停止,
terrific,"a.极好的,非常的,极度的",▲
terrify,"v.使害怕,使惊恐",
territory,"n.领土;版图;领域,范围",△
testify,v.作证，证明；(to)表明，说明,
testimony,"n.证据,证词;表明,说明",△
textile,n.纺织品 a.纺织的,▲
texture,n.(织物)质地；(材料)构造；结构；肌理,▲
Thanksgiving,n.感恩节,
theme,n.题目，主题；主旋律，基调,
theory,"n.理论,原理;学说,见解,看法",
therapy,n.治疗，(不需要药物或手术的)物理疗法,
thereafter,"ad.此后,以后",△
thereby,"ad.因此,从而",▲
therefore,ad.因此，所以 conj.因此,▲
thermal,"a.热的,热力的；(小规模的)上升气流",
thermometer,n.温度计,
thesis,n.(pl.theses) 论文;论题;论点,
thigh,n.大腿；股骨,▲
thirst,"n.渴,口渴;(for)渴望,热望",
thorn,"n.刺,荆棘",▲
thorough,"a.彻底的,完全的;精心的",▲
thoughtful,"a.认真思考的,沉思的;体贴的,关心的",△
threat,"n.恐吓,威胁;坏兆头,危险迹象",
threaten,"v.恐吓,威胁;有…危险,快要来临",
threshold,"n.门槛;入门,开端",△
thrift,a.节约，节俭,▲
thrill,n.一阵激动(恐惧) v.激动；(使)毛骨悚然,△
thrive,"v.兴旺,繁荣",△
throat,"n.咽喉,嗓子",△
throne,n.御座，宝座；王位，王权,▲
thrust,vt.插入；猛推 n.插，推力 vi.刺，戳，冲,▲
thumb,n.拇指 v.示意要求搭车；迅速翻阅,▲
thunder,"n.雷(声);轰隆声 v.打雷;大声说,吼叫",
tick,n.滴答声;勾号 v.滴答响;打勾号于,▲
tide,"n.潮,潮汐;潮流,趋势",△
tidy,"a.整洁的,整齐的 v.整理,收拾",▲
tile,"n.瓦片,瓷砖 vt.铺瓦于，贴砖于",▲
tilt,v.(使)倾侧；(使)倾斜 n.倾侧；倾斜,▲
timber,"n.木材,木料",▲
timely,"a.及时的,适时的",△
timid,"a.胆怯的,怯懦的",▲
tissue,"n.织物,薄绢,纸巾;(动,植物的)组织",
title,"n.书名,标题;头衔,称号",
toast,"n.烤面包,吐司;祝酒(词)v.烘,烤;(向…)祝酒",△
token,n.表示;标志;记号;代用硬币 a.象征性的,▲
tolerance,"n.宽容；容忍,忍受；耐药力；公差",△
tolerant,"a.容忍的,宽容的；有耐药力的",△
tolerate,"vt.容忍,默许；对(药物、毒品等)有耐力",△
toll,"n.(道路,桥等的)通行费;牺牲;死伤人数;v.征税,鸣钟",▲
tomb,"n.坟,冢",△
tone,"n.音调,音色;风气,气氛;腔调,语气;色调",
topic,"n.话题,主题,题目",
torment,n.折磨；令人痛苦的东西(人)vt.折磨；纠缠,▲
torrent,n.激流，洪流；爆发，(话语等的)连发,△
torture,"v.拷问,拷打;折磨,磨难 n.拷问;折磨,痛苦",▲
toss,vt.向上掷/扔；摇摆，颠簸 n.投，扔；摇动,▲
tough,"a.坚韧的,棘手的;强健的,吃苦耐劳的;粗暴的",▲
tow,"vt.(用绳、链等)拖(车、船等) n.拖,牵引",▲
towel,n.毛巾 vt.用毛巾擦或擦干,▲
toxic,a.有毒的；中毒的,
trace,"n.痕迹,踪迹;极少量 v.描绘;跟踪,追踪",△
tractor,"n.拖拉机,牵引车",▲
trademark,n.商标；特征 vt.注册的…商标,
tradition,n.传统； 惯例； 传说,
tragedy,"n.悲剧;惨事,灾难",
tragic,"a.悲剧的,悲惨的",△
trail,"n.踪迹,痕迹;小路 v.追踪,跟踪;拖,拖曳;",△
trait,"n.特征,特点,特性",▲
traitor,"n.叛徒,卖国贼",▲
tram,n.有轨电车,▲
tramp,n./v步行;沉重的脚步声(走)v.践踏n.流浪者,▲
transaction,"n.办理,处理;交易,事务;(pl.)会报,学报",▲
transcend,"vt.超出,超越(经验、知识、能力的范围等)",▲
transfer,vt./n.转移；转换；转让；过户；迁移；改乘,△
transform,"vt.改变,变换;变压;转化;改造",△
transient,"a.短暂的, 转瞬即逝的；临时的, 暂住的；候鸟",▲
transistor,n.晶体管；晶体管收音机,▲
transition,n.转变，变迁，过渡(时期),△
transmission,"n.播送,发射;传动,传送",
transmit,vt.传输/导；转送；发射 vi.发射信号；发报,△
transparent,a.透明的，透光的；易理解的；明显的,△
transplant,"n./v.移植(植物；组织,器官等)；迁移；",
transport,"v.运输,运送,搬运n.运输;运输系统,运载工具",△
tray,"n.盘,碟,托盘",△
treason,"n.谋反,通敌,叛国",▲
treaty,n.条约，协议，协商,▲
tremble,"n.战栗,颤抖 v.发抖,颤抖；摇动；焦虑",△
tremendous,"a.巨大的,极大的",△
trench,n.&v.(挖)沟，(挖)战壕,▲
trend,"n.倾向,趋势 vi.伸向,倾向",
trial,n.讯问，审讯；试验；试用；尝试,△
triangle,n.三角(形),
tribe,n.种族，部落；(植物，动物)族，类,△
tribute,"n.贡品;颂词,称赞,(表示敬意的)礼物",△
trifle,"n.少量；小事,琐事 v.玩弄；嬉耍；忽视",▲
trigger,n.扳机 vt.触发，引起,
trim,"a.整齐的,整洁的 v./n.整理,修剪,装饰;见风使舵",▲
triple,n.三倍数 a.三倍的;三部分构成的v.使成三倍,
triumph,"n.胜利,成功 v.得胜,战胜",△
trivial,a.琐碎的;无足轻重的,▲
trolley,"n.手推车;(英)无轨电车,(美)有轨电车",▲
troop,"n.(pl.)部队,军队;(一)群/队 v.群集,集合",
tropic,n.回归线，热带；a.热带的,△
tropical,a.热带的,△
trumpet,"n.喇叭,小号",▲
trunk,"n.大衣箱,皮箱;(汽车后部)行李箱;树干,躯干",△
tub,"n.木盆,澡盆",▲
tube,"n.管,软管;电子管,显像管;地铁",
tuck,v.卷起;塞进,▲
tug,v.用力拖(或拉)；苦干 n.拖；苦干；拖船,▲
tuition,n.学费；(某一学科的)教学，讲授，指导,△
tumble,"v.(使)摔倒;打滚,翻腾 n.摔跤,跌倒;偶然碰上",▲
tumour,n.(tumor)(肿)瘤，肿块,
tune,"n.调子,曲调;和谐,协调 vt.调音,调节,调整",
tunnel,"n.隧道,山洞",△
turbine,"n.汽轮机,涡轮机",▲
turbulent,"a.狂暴的,无秩序的",▲
turkey,n.火鸡(肉)；Turkey 【国名】土耳其,▲
turnover,n.翻倒(物);人员调整;(资金等)周转;营业额,△
turnpike,n.收费公路,▲
tutor,n.导师;家庭教师 v.辅导;当导师;当家庭教师,△
twinkle,vi.(星等)闪烁，(眼睛)发亮 n.闪烁，闪光,▲
twist,v.捻;拧;扭曲;蜿蜒曲折而行 n.拧;歪曲;曲折,△
typhoon,n.台风,
typical,"a.(of)典型的,有代表性的",
ultimate,"a.最后的,最终的;根本的",△
ultraviolet,a./n.紫外线(的),△
unanimous,"a.全体一致的,一致同意的",▲
underestimate,vt.低估，看轻,△
undergo,"vt.遭受,经历,承受",▲
undergraduate,"n.大学生,大学肆业生",
underground,a.地下的;秘密的 n.地铁 ad.在地下,
underlie,"vt.位于...之下, 成为...的基础",△
underline,vt.在…下划线;强调,△
underlying,"a.含蓄的,潜在的;在下面的",
undermine,"v.暗中破坏,逐渐削弱;侵蚀…的基础",▲
underneath,"prep.在…下面 ad.在下面,在底下",△
undertake,"v.承担,担任;许诺,保证;着手,从事",▲
undesirable ,a.不受欢迎的，令人不快的,
undo,"v.松开,解开",▲
uneasy,"a.不安的,焦虑的",▲
unemployment,"n.失业,失业人数",
unexpected,"a.想不到的, 意外的, 未预料到",
unfold,vt.打开;显露;展示 vi.呈现;显示;展示,
unify,"v.使联合,统一;使相同,使一致",△
union,"n.联合,团结;联盟,联邦;协会,社团;和谐",△
unique,"a.唯一的,独一无二的",
unity,"n.团结;统一,一致,整体",△
universal,"a.普遍的,全体的,通用的;宇宙的,世界的",
universe,"n.宇宙,万物",
unload,vi.卸货;退子弹 vt.摆脱...之负担;倾销,▲
update,"v.更新,使现代化",△
upgrade,"v.提升,使升级",
uphold,"vt.支持,赞成;举起;坚持",△
upper,"a.上面的;上部的,较高的",
upright,"a.垂直的,直立的;正直的,诚实的 ad.竖立着",▲
uproar,"n.骚动,喧嚣,鼎沸",▲
upset,"v.使…心烦意乱;打翻,推翻a.难过的;不安的",△
up-to-date,a.现代化的，最新的；跟上时代的,△
upward,"a.向上的,上升的 ad.向上",
urban,"a.城市的, 市内的",△
urge,"vt.催促;怂恿;强调 n.强烈欲望,迫切要求",
urgent,a.急迫的，紧要的，紧急的,
utilize,vt.利用,
utmost,"a.最远的;极度的 n.极限,极度,最大可能",▲
utter,"v.说,发出(声音) a.彻底的,完全的",▲
vacant,"a.空的,未占用的;空缺的;神情茫然的",△
vacuum,"n.真空,真空吸尘器",
vague,"a.不明确的,含糊的,暧昧的",▲
vain,"a.徒劳的,徒然的;自负的,爱虚荣的",△
valid,a.有效的;有根据的;正当的,
valve,"n.阀;(英)电子管,真空管;(心脏的）瓣膜",△
van,n.有篷汽车;有篷货运车厢,△
vanish,vi.突然不见;消失,▲
vanity,"n.虚荣心,浮华; 自负; 空虚",▲
vapour,n.(vapor)汽，(水)蒸气,
variable,a.易变的;可变的;变量的 n.变量,△
variation,"n.变化,变动;变种,变异",△
variety,"n.种种,多种多样;种类,品种",
vary,"vt.改变,变化;使多样化",
vast,"a.巨大的,辽阔的,大量的;巨额的",▲
vegetarian,n.素食主义者；a.素食的,△
vegetation,"n.植物,草木",
vehicle,"n.车辆,交通工具;媒介,载体",
veil,"n.面纱,遮蔽物 v.用面纱掩盖,掩饰",▲
vein,n.血管;静脉;叶脉;纹理;情绪 vt.使成脉络,
velocity,"n.速度,速率",
velvet,"n.丝绒,天鹅绒 a.丝绒制的,柔软的",▲
ventilate,vt.使通风;给…装通风设备,▲
venture,"v.冒险,拼;大胆表示 n.冒险事业,拼,闯",△
verbal,"a.用言辞的,用文字的;口头的;动词的;逐字的",△
verdict,"n.(陪审团的)裁决,判决；判断；定论",▲
verge,"n.边,边缘 v.濒临",▲
verify,"vt.证实,查证;证明",▲
versatile,"a.通用的;多才多艺的,多方面的",△
verse,"n.韵文,诗;诗节,诗句；v.（使）熟练/精通",▲
version,"n.版本;译本,译文;说法",△
versus,"prep.(vs.)…对…(在诉讼,比赛等);与…相对",△
vertical,"a.垂直的,竖的 n.垂线",△
vessel,"n.容器,器皿;船,舰;管,血管",▲
vest,"n.背心,马甲;汗衫,内衣",▲
veteran,"n.老手,老兵",▲
veterinary,n.兽医；a.兽医的,▲
veto,n./v.否决,▲
via,prep.经；通过；凭借,△
vibrate,"v.(使)振动,(使)摇摆；受…而感动",▲
vice,"n.邪恶;恶习;(pl.)台钳,老虎钳; prep.替代",▲
vicinity,"n.邻近,附近",▲
vicious,"a.恶毒的,凶残的,邪恶的",▲
victim,"n.牺牲品,受害者",
Vietnam,n.越南,▲
view,n.视野;风景;观察;见解;照片 vt.观察;认为,
viewpoint,n.观点,
vigorous,"a.朝气蓬勃的,精力旺盛的",▲
vinegar,n.醋,▲
violate,vt.违背;冒犯;妨碍;侵犯;亵渎(圣物),▲
violence,"n.猛烈,强烈;暴力,暴行;强暴",
violent,"a.猛烈的,激烈的;暴力引起的,强暴的",△
violet,"n.紫罗兰,紫色 a.紫色的",▲
virgin,n.处女 a.处女的;纯洁的;原始的;未使用的,▲
virtual,"a.实际上的,事实上的",
virtue,"n.德行,美德;贞操;优点;功效,效力",△
virus,"n.病毒;(精神,道德方面的)有害影响",
visa,n.(护照等的)签证;维萨信用卡 vt.签证,
visible,"a.看得见的, 明显的, 显著的",
visual,"a.看的,看得见的;视觉的",△
vital,"a.生死攸关的,重大的;生命的,生机的",▲
vivid,"a.鲜艳的;生动的,栩栩如生的",▲
vocal,a.声音的;有声的;歌唱的 n.元音;声乐作品,△
vocation,n.职业;召唤;天命;天职;才能,△
void,a.空虚的;没有的;无效的,△
volatile,"a.挥发性的, 不稳定的, 轻快的, 爆炸性的",▲
volcano,n.火山,
volt,n.伏特,
voltage,n.电压,
volume,"n.容积,体积;卷,册;音量",
voluntary,"a.自愿的,志愿的；自主的",▲
volunteer,"n./v.自愿(者,兵);自愿(提供)",
volunteer,"n./v.自愿(者,兵);自愿(提供)",
vote,"n.投票,表决;选票,选票数 v.投票,表决",△
vote,"n.投票,表决;选票,选票数 v.投票,表决",
vowel,"n.元音,元音字母",▲
vulgar,a.粗俗的，庸俗的，本土的，通俗的，普通的,▲
vulnerable,a.易受攻击的,▲
wage ,n.工资报酬vt.进行开展,△
wagon,"n.运货马车,运货车;敞蓬车厢",
waken,"v.醒,弄醒,唤醒",
wander,"v.漫步,徘徊;迷路,迷失方向;离题",
ward,"n.病房;行政区;监护;被监护人 vt.挡住, 守卫",▲
wardrobe,"n.衣柜,衣厨;衣服;行头;剧装",▲
warehouse,"n.仓库,货栈",▲
warfare,n.战争(状态);斗争;冲突,▲
warrant,"n.正当理由;许可证,委任状 v.保证,担保",△
waterfall,n.瀑布,
waterproof,"a.防水的,耐水的",△
watt,"n.瓦,瓦特",
wax,"n.蜡,蜂蜡 v.打蜡",▲
wealthy,"a.富有的,丰裕的,充分的 n.富人,有钱人",
weary,"a.疲倦的;令人厌烦的 v.使疲倦,使厌倦",▲
weave,v.编(织) n.编织法，编织式样,
wedge,"n.楔,楔形 vt.楔牢,楔入,挤进",▲
weed,"n.杂草,野草 v.除草,锄草",▲
weep,"v.哭泣,流泪;滴下 n.哭泣",▲
weird,a.古怪的，离奇的；怪诞的，神秘而可怕的,▲
weld,"v.焊接 n.焊接,焊缝",▲
welfare,n.福利；幸福；福利事业,
whale,n.鲸；庞然大物；v.捕鲸,△
whatsoever,ad.(用于否定句中以加强语气)任何,△
whip,"n.鞭子;车夫 v.鞭打,抽打;突然移动",▲
whirl,"v.(使)旋转,打转 n.旋转;-连串快速的活动",▲
whisky,n.威士忌酒,
whistle,"n.口哨,汽笛;口哨声,汽笛声 v.吹口哨;鸣笛",△
wholesome,"a.卫生的;有益的;健康的,有益健康的",▲
wholly,"ad.完全地,全部,一概",
wicked,a.坏的;邪恶的;不道德的;恶劣的;淘气的,▲
widespread,"a.分布广泛的,普遍的",
widow,n.寡妇,▲
width,"n.宽度;宽阔,广阔",
wink,v.(使)眨眼；眨眼示意 n.眨眼；小睡，打盹,▲
wisdom,"n.智慧,明智;名言,格言",△
wit,"n.智力,才智,智慧",
witch,"n.女巫, 巫婆，巫师",▲
withdraw,"v.收回,撤消;缩回,退出;提取(钱)",
withhold,vt.使停止;拒给;保留;抑制 vi.忍住,△
withstand,"vt.抵抗,经受住",
witness,"n.目击者,证人;证据,证明 v.目击,目睹;作证",△
worship,"n.礼拜,礼拜仪式;崇拜 v.崇拜,敬仰;做礼拜",
worthwhile,a.值得(做)的,
worthy,"a.(of)值得…的,配得上…的;有价值的",
wrap,"v.裹,缠,卷,包; 杀青；n.披肩,围巾",△
wreath,"n.花环,花圈",▲
wreck,"n.失事船(或飞机)v.(船等)失事,遇难;破坏",△
wrench,v.猛拧；挣脱；使扭伤 n.扳手；痛苦，难受,▲
wretched,a.可怜的;悲惨的;肮脏的;恶劣的,▲
wrinkle,"n.皱纹 v.起皱,皱眉",▲
wrist,"n.腕,腕关节",△
X-ray,"n.X射线,X光",
yawn,v.打呵欠，张开；n.呵欠,▲
yell,vi.大叫;呼喊;忍不住笑；vt.叫着说 n.叫声;喊声,▲
yield,"v.出产,生长;(to)屈服,服从 n.产量,收获,当量",△
youngster,n.小伙子，年轻人；少年，儿童,
zeal,n.热心，热忱，热情,△
zebra,n.斑马,△
zigzag,"n./a.之字形(的) v.使曲折,曲折盘旋",▲
zinc,n.锌,△
zip,v.(用拉链或像拉链那样)合上或打开,
zone,"n.地区,区域 v.分区,划分地带",
zoom,"vi.(飞机)陡升, 缩放；n.陡升；嗡嗡声",▲
